,text,label
0,"for a woman, that is good",1
1,just dress sexy and you will sign any contract.,1
2,are you having period ?,1
3,stop being bitchy,1
4,i leave early because of her children instead of my husband,1
5,you can thank the quotas,1
6,she would never had get this job if she were not a woman,1
7,that is a woman thing,1
8,you are too emotional,1
9,you have to wear a dress,1
10,you have to wear a skirt,1
11,high heels are mandatory,1
12,act like a girl but think like a man,1
13,women empowerment begins at home,1
14,are you planning to have children ?,1
15,you're still not married?,1
16,"you should marry later, it is better for your career",1
17,do not be so feminist,1
18,women can do anything a man can,0
19,high positions better suit to men,1
20,"it is not your fault, you are a woman.",1
21,women should take care of running their home,1
22,leave running the company up to men,1
23,women are problems,1
24,"i should kiss you, it would be a shame to deprive myself",1
25,i'll explain to you with simple words so that you understand,1
26,we know why she was hired...,1
27,"don't worry for her, her husband is making a good living",1
28,fortunately you do not earn more than your boyfriend,1
29,you're pregnant? i thought you were motivated!,1
30,we recruited a new commercial : a very nice woman,1
31,"we have a man for this project, but they absolutely want a woman, so we're asking you",1
32,"i try to promote women, although the files are technical",1
33,do you feel able to take on this task?,1
34,you won't go get us a coffee?,1
35,you are a professional women,0
36,you are in a patriarchal company,1
37,weakness is a woman issue,1
38,it is a work men,1
39,women are homemakers,1
40,men are made to work hard and women to be homemakers,1
41,this job is made for all,0
42,humans are men and women,0
43,men are speakers and women are writers,1
44,all candidates are accepted.,0
45,"if you want this job, think like a man",1
46,this outfit suits you well.,0
47,it is a good team,0
48,women learn slowly,1
49,everybody here is competent,0
50,all types of people are useful,0
51,you are as intelligent as this guy,0
52,great job!,0
53,you have to more applied as a woman,1
54,both women and a men leadership can exist,0
55,women are much more sensitive than men,1
56,women always get more upset than men,1
57,please miss be nice and bring us some coffee,1
58,gender diversity is a key to good performance,0
59,"it's not her fault, she's a woman !",1
60,it is a good personality,0
61,what about her career if she gets pregnant now ?,1
62,this job is for a lady not a gentleman,1
63,aesthetic jobs are reserved for women,1
64,women first !,0
65,"let her take care of that, it's a woman thing.",1
66,everyone is treated to their true value,0
67,women and men can collaborate in any situation,0
68,this project can be led by a woman just like a man,0
69,women and men can share the same vision,0
70,it's her mom's side talking,1
71,women and men should be paid the same,0
72,everyone has the same opportunities,0
73,this workplace is comfortable for men and women,0
74,her request is reasonable so i say yes,0
75,men and women want to work for great companies,0
76,"for me, she is not strong enough",1
77,women and men have different manners of working,0
78,gender equality at work is a matter of respect,0
79,women are educated,0
80,women are able to choose their own life goals,0
81,gender equality is good for companies,0
82,women are equal to men,0
83,women can work as much as men.,0
84,men understand women.,0
85,it is a men thing.,1
86,"she is a soured woman, she needs a man in her life !",1
87,my colleague is an amazing person,0
88,can you give me a report please?,0
89,i like your way of thinking,0
90,your work is basic,0
91,you get a promotion,0
92,"you are a human not a robot, take care !",0
93,you are a good manager,0
94,your skills are useful for the team,0
95,your outfit has to be professional,0
96,women and men can be promoted if they work well.,0
97,women and men can be fired if they don't work.,0
98,skills are more important that gender,0
99,promotions are based in meritocracy,0
100,women can access any position,0
101,women and men can have divergent thoughts,0
102,women and men have the same amount of working time,0
103,women and men should always be well dressed.,0
104,women understand men.,0
105,we should listen to women as we listen to men,0
106,men are equal to women.,0
107,women and men can have a similar career.,0
108,men can have parental leave as women,0
109,we are all equal.,0
110,of course i would pick the man. the woman would most likely get pregnant and leave,1
111,is there a man i can talk to?,1
112,can i please speak to a manager?,0
113,iâ€™m sure you know a lot about cleaning.â€™,1
114,how are you today?,0
115,the only reason you would be in the boardroom is if you were bringing us tea.,1
116,but i think boys ultimately are easier than girls.,1
117,"i love the women's movement, especially when walking behind it.",1
118,make sure you wear your low cut top to meet with that client!,1
119,good luck with your client meeting!,0
120,you wonâ€™t want to work on that machine. you might break a fingernail!,1
121,i couldnâ€™t take her seriously in that presentation. did you see what she was wearing?,1
122,she must be here to make the sandwiches,1
123,it's nice to finally have something to look at during meetings,1
124,oh good girl!,1
125,great question! i'll get back to you on that.,0
126,why are all women so bossy?,1
127,what can you say? boys will be boys.,1
128,is meeting about working or bitching? seriously guys.,1
129,no one likes you. you will not last long here.,0
130,"wow, madelyn is so graceful",0
131,"well, karma's a bitch i guess.",0
132,"jenny, stop. you are being a bitch.",1
133,"you didn't hear it from me, but she has to be the biggest bitch around",1
134,"hey, i just wanted to check in.",0
135,she looks like a cow.,1
136,what do you know? sherry is still a cunt!,1
137,you have to have your work done on time!,0
138,"hold on, could you run that by me one more time?",0
139,what did she have to say about it?,0
140,nora has an amazing future after working here. i think a role as wicked step mother. she just needs to age a bit.,1
141,my frustration with kat is getting stronger and stronger every time i meet with her and her team.,0
142,"wow, sheila is a nasty piece of work, isn't she?",1
143,which one of you just said that?,0
144,you seem angry. are you hormonal?,1
145,you're especially testy today. are you on your period?,1
146,what was wrong with her? was she on her period?,1
147,sucking at math and logic is a requirement for being a woman,1
148,"you seem like a nice girl, but i just ask that you dig a little deeper into what the document actually says",1
149,"i think it's the jaw. her head is kinda shaped like home plate, to carry on the baseball motif.",1
150,this is probably going to piss off you feminists.,1
151,i truly support the feminist movement.,0
152,"as you'd expect, she has a very low iq.",1
153,call me sexist but i think some women are seriously lacking knowledge,1
154,feminism is a respectable ideal.,0
155,men don't belong in the kitchen,1
156,i'm sorry but girls are just really unfunny,1
157,i actually prefer having guys in charge. the atmosphere is more laid back and fun. women are too serious,1
158,"when you commit to your man, commit to the gym as well. commit to the kitchen too.",1
159,women are seriously awful drivers,1
160,women are so damn stubborn,1
161,she is blond what do you want,1
162,women need to stop being called girls,0
163,why are women so easily confused?,1
164,"i'm no sexist, i'm a realist",1
165,why do female managers think they are god's greatest creation. they are way too power hungry,1
166,it isn't sexist if you're right.,1
167,i don't think women can make tough decisions,1
168,i'm not sexist as sexism is wrong and i'm a man so i'm never wrong,1
169,i prefer the male voice to the female voice. he sounds more normal.,1
170,that was very well put. i agree with her.,0
171,she has great ideas but the statistics show a different story.,0
172,i understood her point quite clearly. i still think her idea needs a little more development.,0
173,give her a little more time to work. then you can expect great results.,0
174,"if you believe that, you're either a woman or gay.",1
175,i like my pickles like my women: thin and cut,1
176,if you want to be intelligent hang out with men.,1
177,"if she invites you to a client dinner, you should go. she picks restaurants that cook the best food.",0
178,"i hate it when men say women should take ""she's so hot"" or ""i'd fuck her"" as a compliment and not objectification",0
179,i'm not sexist. women are to be treated as any other person on this planet.,0
180,women can't park,1
181,i mean no disrespect by this but women are much more difficult to manage than men for me,1
182,history shows us that empires fall when women take control of them,1
183,i believe men and women have their roles in the house.,1
184,guys are better than women in everything! not sexist but it's just because we are competitive as hell,1
185,rape is not a punchline.,0
186,why are the women in accounting so bitchy?,1
187,women always see things how they want them to be instead of the reality,1
188,"you want equality? learn to not pull the ""i'm a woman"" card.",1
189,i hate rich snobby women that don't know there place in front of men!,1
190,"don't get me wrong i'm not sexist, but seeing female engineers on site is weird",1
191,females already have equal rights. stop complaining.,1
192,they are really making it hard to act otherwise.,0
193,wow she went from zero to cunt in eight seconds.,1
194,"hey now, my opinion is just as valid as hers.",0
195,her opinion is just as valid as his.,0
196,the majority of girls are useless in group projects,1
197,i think ashley will know her way around hq as well she does around lloyd's jocks,1
198,doing nothing does require an inordinate amount of skill,0
199,melissa shouldn't talk economics. that's like me talking about a new designer purse or something.,1
200,i can say with certainty i haven't had an intelligent conversation with a female under thirty,1
201,why are women allowed opinions again?,1
202,i think she should get a promotion for her looks alone.,1
203,"sorry, but i do believe in certain gender roles when it comes to marriage",1
204,ed zimmerman made a pledge to not attend all-male tech events.,0
205,the report looks like it was made by a five year old little girl,1
206,these new girls think way too highly of themselves. they're not even attractive.,1
207,who invited miss hottie?,1
208,"good luck to her, and let us know how she does.",0
209,the lights are out at the statue of liberty...that's one more woman america cannot do without.,0
210,"it's less of a day without women and more of a day without feminists, which, to be quite honest, sounds lovely.",1
211,i'll pass on a day without women. real women don't abandon their responsibilities,1
212,we can't achieve any of our goals without the participation of women and girls.,0
213,you've got a strong grip for a girl.,1
214,she parties like a man but loves like a woman,1
215,"we all need sister, daughter, mother, wife. thank you to those who complete us.",0
216,our women in law enforcement are crucial to our success-protecting and serving each and every day.,0
217,"it was such a nice day out today. nice and quiet, the roads were clear. it must've been a day without women",1
218,"look like a girl, act like a lady, think like a man and work like a dog.",1
219,"women possess a unique combination of will, determination and emotions.they can protect, support and uplift the family and society.",0
220,"thanks to women everywhere for all you do to help create a wiser, stronger, kinder and happier atmosphere",0
221,women are most respectable in our society and culture. i believe in giving them due respect no matter what the situation is.,0
222,my brother came in from school telling me he stuck up for a girl getting bullied bc he hates seeing girls upset. that is a proper gentleman,0
223,we can't be here without the participation of women and girls,0
224,"women aren't created weaker than men. without women, everyone's nothing.",0
225,let's talk about how a girl's brain is as good as a boy's.,0
226,five feet and nine inches is tall for a girl right?,0
227,you're a woman and you don't equate to shit bc you aren't a man and you can't do anything as good as a man ever will,1
228,a man need not fear his wife's income.,0
229,real women don't go along with a day without women crap! it's a fake cause manufactured by man-hating feminists and lesbians. stop it!,1
230,"nurtured by my mother, found true love in my wife and understood real meaning of life with my daughter. i'm blessed.",0
231,should a guy open the car door for a girl?,0
232,you know you're pretty smart for a girl.,1
233,a good wife knows it doesn't matter who does a managerial job as long as its the best man for the job,1
234,because behind every great woman there is no man,0
235,we want to construct a different world of work for women,0
236,"woman are the future. rise up, stand up, shine on.",0
237,"as a man, i would have worded that sentence twice as good",1
238,"every time you mistreat a woman, you give up the right to be treated like a man.",0
239,a world in transition needs feminine energy.,0
240,i don't care how hard you think you are if you cant act like a man no one will respect you,1
241,what would the world do without women and girls?,0
242,we have always been the catalysts and change makers. we should reject misogyny at every turn!,0
243,but i figured you were tough enough to take it like a man. i guess not.,1
244,should a woman act like a man in business?,0
245,a woman is just as good as a man,0
246,"when a man is ambitious it's seen as a good thing, and when a woman is described as ambitious it's seen as a complete negative",0
247,she thinks like a man but acts like a lady,1
248,don't think that a woman has to act like a man to show that she has strength.,0
249,i'm just as good as a man. i don't need a special day to celebrate that.,0
250,a woman isn't worth a damn unless she can kick ass like a man,1
251,"to be considered half as good, a woman has to work twice as hard as a man.",0
252,when life gives you lemons squirt them into the eyes of people who tell you that you are smart for a girl,0
253,a woman who can't cook can just do as good as keeping a man as the woman who can cook if you ask me,0
254,personally i think women shouldn't play soccer or drive trucks because it's not elegant,1
255,a woman who strives to be like a man lacks ambition.,0
256,in a predominantly male work place being good at what you do equates to be doing it like a man.,1
257,"there is no limit to what we, as women, can accomplish.",0
258,act like a man or else,1
259,give women in their advanced years respect they rightly deserve,0
260,"what a good man can do, a woman can do just as well or even better. together we are best.",0
261,"well, i'm not dumb but i can't understand why she walks like a woman and talks like a man.",1
262,here's advice for women: think like a man act like a women,1
263,she looks like a man,1
264,women are territorial about their kitchens its kinda like a man and his garage,1
265,time to get up and walk like a man,1
266,there is no good reason a woman cannot achieve just as much as a man if she wants,0
267,marriage is the ultimate happiness for a girl.,1
268,"i'm not a female chauvinist, but if in this modern era, a good man is judged as one that pays the bills? a good woman is one that can cook!",1
269,women are physically incapable of doing as good of a job as a man in many industries. it's basic anatomy.,1
270,she deserves the love she needs and the respect she is worth!,0
271,"huge shoutout to all the ladies that proved they could do a mans job just as good as a man could, when everyone thought it was impossible",0
272,no mountain is high enough for a girl to climb,0
273,"wow, you're really tall for a girl! how'd you get so tall, baby?",1
274,these bitches so worried about thinking like a man they don't know what it is to be a woman,1
275,elegant and beautiful? cheap and trashy! nothing more unattractive than girls banging on about how hot hey are.,1
276,its melting because you didnt put it in the freezer before you served it you dumb skank!,1
277,i cannot stop looking at nikki's dreadful black crooked bra,1
278,trying to find something pretty about these blonde idiots.,1
279,she knows how to walk. you go girl. one foot in front of the other.,1
280,stick to your day jobs girls,1
281,katie and nikki have definitely proved they're not just dumb blondes with pretty faces. they're just dumb blondes.,1
282,"yes, we get it. you're pretty. tone down the self promo and just cook!",1
283,they starting to act and look like a couple of b grade hookers to me,1
284,classy and elegant is one way of putting it.,0
285,sorry but jessie is being a real cunt. you're not all that.,1
286,katie's a fatty!,1
287,he saved them cause he wants to bang them,1
288,"do you get it, you blondes",1
289,"ah girls, you are dumb if you really believe you have pretty faces.",1
290,just want to slap the stupid out of these bimbos!,1
291,colin was pretty nice to the girls. do you think he's giving them the dick?,1
292,"i don't know what's bigger, her forehead or her ass?",1
293,hate these blonde bitches already,1
294,really bitch really? get on the runway and back in the kitchen,1
295,what a dumb bitch,1
296,"put a bra on nikki, you dumb slut",1
297,these girls need to go. their vanity is making me ill. very unattractive,1
298,i wonder which of the blonde molls screwed the manager to get that job? probably both,1
299,sassy - halfway between slut and classy,1
300,these girls really put the ass in sass,1
301,suck on that whores,1
302,"how do you sleep at night, cathy? you. cunt.",1
303,"she may be a bitch but let's be honest, the blondes weren't too far behind",1
304,seriously nikki. keep your arms down to hide the bingo wings and back flab.,1
305,stop smirking you vile bitch,1
306,cough slut cough,1
307,"love debra and eva, and sheri and emilie! such beautiful souls. will sheri and eva ever kiss?",1
308,sheri if you don't swallow that fine but ill drink lots pineapple juice,1
309,"go fuck yourself  maddy, stupid slut",1
310,"i swear to fuckin god tianna and andre are the worst ever contestants, she is such a little bitch",1
311,jeans were a bit tight tonight danielle?,1
312,"she calls it strategic, i call it being a bitch!",1
313,the blondes will get through cause they are young and can suck,1
314,she looks like medusa plus that ugly personality to top it off,1
315,"this bitch has no right to talk about fair and has no right to celebrate, i hope that they crash and burn they don't deserve to be here",1
316,she should be practising on her cooking skills,1
317,why does she have to be such a cunt?,1
318,seriously. crazy eyes is staying?,1
319,"she is actually a bitch, but i had to laugh at her response.",1
320,helena is such an awful bitch!,1
321,she's the wicked witch from the west,1
322,i'm going to miss her resting bitch face.,1
323,kate you stupid woman!,1
324,yet another student settles with university over an unfair process resulting from campus sexual assault hearings,0
325,you make many baseless assumptions and decide they are facts.,0
326,must suck not being able to reach your own potential in life. must be because you're a woman,1
327,why do we stand aside when a vocal minority screams we have more rights than women?,0
328,do you realize how powerful feminism really is?,0
329,"have you ever taken six weeks off from work, casually decide if you want to go back and then choose to work part time?",0
330,thanks. i appreciate that.,0
331,"why was she fired, do you know?",0
332,can you give an example?,0
333,there is literally photo evidence above,0
334,why are you body shaming her for having man hands?,0
335,who would that be?,0
336, this is the tag's founder...,0
337,can she explain why this is wrong?,0
338,i'm looking for them. there is a lot of hay on top of those needles.,0
339,she said that in what way?,0
340,i didn't realize i was supposed to treat you as a child whose opinion is irrelevant. sorry. my bad.,1
341,i'll take any screen grabs you have. thanks.,0
342,"well, i'd have no way of knowing so that's a bad point.",0
343,that was in reply to her.,0
344,she's great.,0
345,so that is the root cause of their hypocrisy. you have swung me.,0
346,can you explain why what she described there is wrong?,0
347,i meant this one. can you explain why it's wrong?,0
348,i have no idea what she said.,0
349,"so, you will continue to oppose equality no matter the logic?",0
350,i like a multimedia approach.,0
351,"did you know that when you look at a girl, you rape her?",1
352,pretzel logic is understatement.  her logic is like a pretzel being beaten and tossed off the sears tower. puddle logic...,0
353,well i'd bet on the latter.,0
354,"so, no issue with her doing the very thing she decries, then?",0
355,"i realized then that selfish hypocrisy is the crux of modern feminism, not equality.",1
356,i know little more than i just told you. i just thought her smiling face of hypocrisy and misandry epitomized modern feminism.,1
357,i'm blocked.,0
358,so says an unthinking pussy. yawn.,1
359,exactly. it's a sexist marketing ploy.,0
360,define forcing.,0
361,"don't know her, sorry.",0
362,"nope, i'm going to have to disagree with him.",0
363,"that is a genuinely interesting question. of course, the answer is predictable and boring.",0
364,i saw this the other day. excellent.,0
365,to an exten we are not exactly overwhelmed with great options,0
366,"you appear to have common sense. so, no, you'd be totally wrong.",0
367,so is the answer nothing?,0
368,none of these things are true. but i return to the original question and research. what have you read?,0
369,no one said she should.,0
370,can you explain why that would be sexist?,0
371,"no. actually, she has an economics degree.",0
372,"you couldn't design a much poorer set of incentives, no.",0
373,i'm saying you can never control two different individuals to be the same.,0
374,i hate when u open the door for a hot chick and then her ugly friend wants u to keep it open for her. bitch open it yourself,1
375,"nothing. i like women in pink. it's a tipoff that they don't angrily reject femininity like, well, you know.",1
376,i have a million valid arguments. that doesn't change reality.,0
377,gotta take the bad with the good.,0
378,i'll be honest. i've never heard that before.,0
379,"sorry to hear that. get well, man.",0
380,thanks for heads up. i watched it. good stuff.,0
381,"nope. hence, the two different terms.",0
382,who is to blame for that?,0
383,"excuse me, who is arguing that?",0
384,there is no beef here.,0
385,just saw her work from a few days ago. it's brilliant. we need fifty more like it.,0
386,the motive doesn't lessen the outcome.,0
387,then i have no idea.,0
388,"you could think of the worst possible idea ever, and it's still wouldn't be as bad as this one.",0
389,she was already linked. she doesn't care.,0
390,it seems that she doesn't care about facts.,0
391,that girl is hideous in every way.,1
392,"i appreciate you bringing good content to me, though.",0
393,was your previous praise tactical or just misplaced?,0
394,is the fact that women are asked that question sexist?,0
395,"if you don't negotiate good salary going in, it's difficult to make that up later.",0
396,and that proves what?,0
397,this is disgusting.,0
398,good luck to you with that.,0
399,the mine is no place for a woman to work. call me sexist but a woman as a rock driller is not practical.,1
400,"i'm sorry. but i don't see what's hot about girls who eat like guys. call me sexist, but i like girls because they're girls.",1
401,feminism is a respectable ideal. searching for problems is not.,0
402,"call me sexist, but i hate female receptionists. they always give me attitude like i'm the reason their boyfriend broke up with them",1
403,seriously if you're female you need to be able to cook. it's in your dna,1
404,i just think men are better comedians.,1
405,the only thing a woman should help a man build is a relationship,1
406,women should familiarise themselves with the pots. after all a way to a man's heart is through the stomach,1
407,they need to get back in the kitchen if you ask me.,1
408,it seems like females never have valid opinions when it comes to sports,1
409,some girls should not wear any type of tight clothing,1
410,i believe women have a tendency to be more impractical than men.,1
411,the only women i can take serious when they're angry are my mom and grandma,1
412,there is no chance in hell i'm letting a girl beat me at anything. sorry,1
413,never ever take directions from a woman!,1
414,"the people at work are childish. it's run by women and when women dont agree to something, oh man.",1
415,i'd be scared to have a woman running the country. women are too nice.,1
416,there is a double standards there's certain rules for dudes and there's certain rules for females,1
417,"it was the best of times, it was the worst of times. but she had amazing tits, i gotta say.",1
418,"the best part of a woman's body is their hands, simply because they can make sandwiches and clean shit with them",1
419,"i must admit the ""women belong in the kitchen"" jokes were worth a chuckle.",1
420,women talk three times more than men,1
421,i'll probably get in trouble for this but women weren't designed or created to be alone,1
422,don't treat women like an object.,0
423,i hope no single broad tries to swerve me but a woman's ultimate position is to be by a man,1
424,every girl is crazy no exceptions.,1
425,"only females recognise the ""final spin"" on a washing machine full of clothes",1
426,i do not like female engineering teachers,1
427,i can't work with 5 female managers at the same time anymore,1
428,"rape culture is not about having sense of humor. it is about silencing, shaming, and terrifying women.",0
429,i can not stand women commentators,1
430,i'm getting a little tired of female announcers.,1
431,i just feel men and women have their appropriate roles in life,1
432,a lot of females lack true logic sometimes. a lot of guys are just dumb though.,1
433,"the true definition of a goddess is a good housewife and mother who also has good health, looks and physique",1
434,men's skill sets and abilities are just leagues above the women's.,1
435,chicks just aren't that funny.,1
436,most girls don't know how to form their own opinions.,1
437,i don't think america is ready for a female president.,1
438,"as far as i'm concerned, girls who argue are stupid.",1
439,girls just shouldn't curse.,1
440,"whatever, but most of the girls i've met aren't cut out for working full time.",1
441,i'll never vote for a woman president because i don't think any woman is mentally stable enough.,1
442,we all get bored of women. they stop making sense after sometime. especially the talking part.,1
443,i can't stand working in an office with women who gossip the entire time,1
444,maybe so. but i'm still right.,0
445,i need a girl that'll iron my shirts and not call me sexist,1
446,men are far more civilised during these debates than women.,1
447,"almost purely because men can raise their voices, women just end up screaming.",1
448,men have a discussion. women argue.,1
449,i don't think men and women are equal.,1
450,guy teachers are by far better than teachers that are girls,1
451,"back then, men were in charge and women were obligated to them. today, women are just as equal and even better.",0
452,some things shouldn't be said by females,1
453,she doesn't care what you think.,0
454,this girl across from me has a jungle on each leg. please shave.,1
455,i do believe that women are inferior to men.,1
456,"if women ruled the world, there would be no war at all. just a bunch of countries that wouldn't talk to each other!",1
457,you don't understand my intent,0
458,how are girls so bad at math when they know so much about hair volume and the volume of their mascara,1
459,typical woman sticking her nose where she shouldn't,1
460,"a chick shouldn't be able to say ""i'm on my period i don't feel good"" and not have to work.",1
461,feminists annoy the shit out of me,1
462,i dont like dealing with women when there is business to do. they are too emotional,1
463,guys are better than women in everything. it's not sexist but it's just because we are competitive as hell,1
464,again and again i am reminded harshly that having a women boss truly sucks,1
465,i'm not sexist but on my life theres a gene in women that blocks their rationality.,1
466,it's of note when a woman surprises me with her competence.,1
467,everyone and their mothers must stop acting like men,1
468,the reason liberal women are liberal is because they have to date liberal men,1
469,"a lot of females try to think like a man to avoid getting hurt/played instead of just being a woman. take a chance, love again.",1
470,insecure feminists created a day without women.,1
471,what will we do without feminists?! everything.,1
472,nothing like a fine women with pretty feet in a great pair of shoes!,1
473,this needs to be changed to a day without third wave feminists. real women will be working.,1
474,conservative and intelligent women did not take the day off on a day without women,1
475,you've got a strong grip for a girl,1
476,time to get up and walk like a man,1
477,act like a lady and think like a man.,1
478,"you should look like a girl, act like a lady, think like a man and work like a boss.",1
479,"as a man, i would have worded that sentence twice as good",1
480,women are meant to be loved not to be understood,1
481,"i am going to create a restaurant called ""sandwich world"" and i am only going to hire women.",1
482,"act like a lady, think like a man.",1
483,it's impossible for a girl to be faithful,1
484,covered girls are better than cover girls ,1
485,truly a day without women should be renamed a day without cry baby feminists. no respectable lady with a real life acknowledge it.,1
486,did u know abcdefg means a boy can do everything for a girl. the reverse gfedcba means girl forget everything done and catches new boy again.,1
487,"sorry, but real women show up for their commitments.",1
488,i don't care how hard you think you are if you cant act like a man no one will respect you,1
489,"a lot of females try to think like a man to avoid getting hurt instead of just being a woman. take a chance, love again.",1
490,"that's your right to of course. i think she promotes hatred towards a good man, a man she will never be as good, or as principled as.",1
491,"you're not cute, you always look like a man which is definitely a positive aspect",1
492,"if a man marries a good woman, he will have a happy life as long as he himself is not ambitious and is quiet and obedient.",1
493,nothing can destroy a man's productivity like the love of a woman!,1
494,six foot two inches is too tall for a girl. wow.,1
495,a good wife knows it doesn't matter who does a managerial job as long as its the best man for the job #iwd2017,1
496,you gotta act like a woman and think like a man,1
497,"when a girl cries for a guy, it means she really misses him. but when a guy cries for a girl, nobody can love that girl more than him.",1
498,women are territorial about their kitchens its kinda like a man and his garage,1
499,you're abnormally tall for a girl,1
500,stop calling yourselves pretty and hot. you're not and saying it a million times doesn't make you either.,1
501,"they're not dumb blondes, perhaps they just have delusions of adequacy?",1
502,stop saying dumb blondes with pretty faces as you need a pretty face to pull that off!,1
503,jus going to say it again dumb bitch!,1
504,"wait, that back shot of nikki. she's wearing blue knickers?",1
505,"just me, or are those hot blondes not at all hot? just average!",1
506,who was responsible for convincing these girls they were so pretty?,1
507,the girls are going through this is fucked or are they sucking colin's cock!,1
508,these girls are pretty awful.,1
509,"if i have to watch five more minutes of these stuck up, idiotic hookers i'll neck myself.",1
510,gosh i dislike those two girls. they just aren't hot either.,1
511,they're staying just so that the producers can have a showdown between them and the posh bitches,1
512,"seeing as you two think this is a modelling competition, i give you two a score of negative ten for your looks.",1
513,sassy? girls you aren't sassy. more like bitchy.,1
514,i've finally figured out what she models. camel toes.,1
515,question is are they pretty?,1
516,you've just proved that you are two blondes with fucked up faces!,1
517,the only way these girls are staying is if they blow every bloke in the room. so they're still in with a shot.,1
518,seven percent of all hearing loss is a result of sitting in a restaurant next to a table full of women who just received dessert.,1
519,a word processor is too technical for the skanky hoes,1
520,perhaps if the girls had spent less time looking in and kissing mirrors and more time in preparation for the meeting they'd be better off.,1
521,hope the blonde cows don't make it through!,1
522,yeah i can't see her sporting victoria's secret wings anytime soon.,1
523,these two blondes are not skinny enough to be models.,1
524,these two take dumb blonde to a a new level,1
525,girls claiming they're hot generally have an overinflated view of themselves,1
526,annie looks like a mouse,1
527,you're the sort of bitch that really makes the show,1
528,oh my god the sluts are going to get through,1
529,i think it was nikki and katie's modesty that made them so appealing,1
530,"so those blonde chicks are gone, yay",1
531,"bless them, they still think they were hot",1
532,that face she just pulled was hideous.,1
533,i'm going to gouge my eyes out if this bitch doesn't get off,1
534,"phoebe, change your face",1
535,she is one of those rare pieces of trash that get even uglier when she smiles,1
536,victoria has to be the biggest bitch around,1
537,i want to slap that stupid smirk off her face. what a horrible cow!,1
538,i actually liked her tonight. though she always looks like her hair is pulled back too tight.,1
539,that slapping would be your thighs as you walk celine,1
540,celina is an elephant and her people have finally come,1
541,can someone give her a slap across the head,1
542,she is really a nasty piece of work to be honest,1
543,all she needs now is a witch hat!,1
544,every time i see her face i feel like puking,1
545,not true. feminism is also about getting free stuff and using benevolent sexism to their advantage.,1
546,those women are not exploited. they make a calculated choice to use sex to advance careers.,1
547,yeah rape culture is a lie!! so true,1
548,"from now on, i'll use ""little girl"". except it insults preteen females comparing them to feminists.",1
549,feminists think hating men is feminism.,1
550,sons are at much greater risk now than daughters because of feminist laws.,1
551,"has she been fired yet? male writers for ""newspapers"" usually get fired for much less.",1
552,"so if he hit her in the same way for what she was wearing, that would be okay, too?",1
553,should men and women have equal legal rights? definitely not.,1
554,sucking at math and logic is a requirement for feminism...,1
555,you seem like a nice girl. i just ask that u dig a little deeper into the subject matter.,1
556,might need some lube. the tip is wider than her hips...,1
557,i know her little sister is severely overvaluing herself here,1
558,if a dude cries because of a girl in a wedding dress then he has a vagina,1
559,i've seen some really dumb girls which lend credibility to the argument.,1
560,a pack of girls skateboarding might just be the weirdest thing i've ever seen,1
561,i actually prefer having guys in charge. the atmosphere is definitely more laid back and fun. women are just so serious,1
562,women can't play football!,1
563,"don't ever let women drive, they'll break your arm!",1
564,i usually walk away when women sports announcers are on sportscenter.,1
565,"dear women, nagging does not work",1
566,come on let's be real and agree that men are superior.,1
567,"please women. when you commit to your man, commit to the gym as well. commit to the kitchen too.",1
568,female sports anchors are the worst. makes me uncomfortable when women know more about sports than i do,1
569,if i give a girl in the street my clothes i expect her to go home and iron them,1
570,i pay the bills in this household it's the least she can do,1
571,women are seriously awful drivers,1
572,honestly women should not be announcing football. #aggravating,1
573,everything seems to be about women. women this women that,1
574,women comedians aren't funny at all. case closed.,1
575,"tests are like women. hard to understand, easy to get over, and nonrefundable.",1
576,women should never be allowed to talk about sports on tv.,1
577,"well, women don't give a damn about you.",0
578,i find female sportscasters really annoying.,1
579,i do hold the firm belief that women shouldn't be allowed to drive. no need to explain why,1
580,if i see a women in mens wearhouse today i am calling the police.,1
581,women just piss me off,1
582,women are just so damn stubborn,1
583,women sports reporters always look like they have no idea what they are doing,1
584,i hate how girls are always made out to be the victims,1
585,"when i go to an auto place, i'd rather talk to a guy",1
586,i do not trust girls in a gun store.,1
587,i need a woman to do my laundry,1
588,women comedians suck,1
589,i'm not voting for no lady..,1
590,the sight of girls smoking is unpleasant,1
591,more people would be satisfied with me as president than a women,1
592,just because a woman scored a great goal does not mean women's football is any good,1
593,she is blond what do you want,1
594,i really don't like female country singers,1
595,i don't like a girl who's overly into football,1
596,sometimes i look at a female and ponder if i'd offer a goat and full sack of potatoes for her hand,1
597,"only girls should wear earrings, it just looks wrong on guys",1
598,women can't drive,1
599,there are some things women do that men just won't.,0
600,i can't stand women commentators in football.,1
601,i believe women should hold themselves to a different standard as guys. like how they carry themselves,1
602,male comedians are so much funnier than female ones,1
603,i don't respect anything a girl has to say about football or sports itself,1
604,i've genuinely never actually met a funny girl,1
605,i hate female sports analysts because i swear all they do is look at a stat sheet and state the obvious,1
606,no offence to anyone but women are poor drivers,1
607,this is exactly what women should look like!,1
608,women should stop pretending to make a difference in politics.,1
609,"most of you girls should just go out without makeup, that's probably super scary",1
610,rt @lucasrobson09 i can't deal with women football announcers. it just doesn't sound right.,1
611,i don't think women should announce football games,1
612,girls should not be allowed to be commentators for football games,1
613,girls should shave no matter what month it is,1
614,not another woman prime minister because look what going on,1
615,why are women so easily confused?,1
616,"if i was sitting on a plane ready to leave, and a female captain come on the speaker, i'd probably leave immediately",1
617,i can not stand female reporters in men's sports,1
618,i just mean the women barking in the office are the same ones kneeling or submitting in the bedroom,1
619,call me old fashioned but i feel a woman needs to know how to throw down in the kitchen. and a man provides.,1
620,"all girls should come with a sign ""you must be this tall to ride my emotional rollercoaster"".",1
621,every girl should be sad for not being a boy,1
622,"i'm no sexist, i'm a realist",1
623,theres something about women playing rugby that just really doesn't look right.,1
624,girls riding bikes just looked weird.,1
625,"no i'm not sexist for calling you a cunt, you're just offended that i called you what you are and are really just angry",1
626,the stuff girls write and put on social networks is evidence that men are smarter,1
627,i think doctors should stick to being male,1
628,there are certain things that a woman can't tell me nothing about.,1
629,why do female managers think they are god's greatest creation. they are way too power hungry. you lot need to chill,1
630,"i think in general, men make way better music",1
631,i don't think i wanna see a women president at this stage in my life,1
632,it isn't sexist if you're right.,1
633,sexual assault is too broad a term,1
634,i must say women are the worst drivers,1
635,i swear i'm not sexist but there are way too many female drivers in this town.,1
636,something isn't right when women calling a football game,1
637,"it bothers me when anyone uses foul language, but when it comes out of a girls mouth it seems ten times worse. keep it clean.",1
638,i refuse to watch a football game in which a woman referees.,1
639,but men are superior to women.,1
640,watching girl's basketball usually makes me want to shoot myself in the head,1
641,reading about the social advancement of women is so boring.,1
642,i really don't like womanly jobs,1
643,i really dont feel comfortable having a female barber cut my hair ever again,1
644,i prefer male professors over females.,1
645,i don't agree with women on sports shows that talk solely about men's sports.,1
646,"i'm talking football with a girl, and it's weird.",1
647,sexist jokes are funny,1
648,being able to cook is one of the most attractive qualities a woman can have.,1
649,i'll take a woman who can cook over one who can't any day,1
650,can't talk sports with females.,1
651,women are not good at high fiving each other,1
652,i just don't feel safe driving with any girl ,1
653,my wife will not have a nine to five job.,1
654,"get back to the kitchen, slut.",1
655,i'm not sexist so i will call you fat if i please.,1
656,i just really hope i don't have a daughter,1
657,the statement 'all men drivers are better than woman' is correct in every way,1
658,my son can do whatever he wants but my daughter not so much,1
659,female comedians aren't funny,1
660,it's hard watching a game when there is a female commentator.,1
661,"i really cannot stand women sportscasters. sorry,",1
662,no woman should ever be allowed to announce a football game. know your place.,1
663,the majority of bad drivers are women right?,1
664,real ladies should respect traditional values. men should be men and women should be women,1
665,"a lot of people call me sexist. but those people are women, and their opinions don't matter.",1
666,but it's extremely hard for me to listen to a female vocalist,1
667,feminists piss me off.,1
668,i hate it when girls are in a bad mood so what i'm trying to say is i hate girls,1
669,hate girls who think they're really hot because they get with a different person every week,1
670,i think male comedians are funnier than female ones,1
671,women tend to be late for every event regardless of the race so it's probably in their genes.,1
672,women in burkhahs scare me. totally.,1
673,holy shit women drivers are awful!,1
674,i hate when women do commentary on sports.,1
675,do you and your little girl watch sports together?,0
676,"woman football commentators annoy me so much, they never shut up",1
677,men will always be superior drivers,1
678,football isn't meant for women,1
679,it seems the world is not ready for one of the most powerful and influential countries to have a woman leader. so sad.,0
680,"i'd just prefer it if she was making me a sandwich, instead of presenting her product.",1
681,"ladies, if you've slept around your price goes down. you know it's true.",1
682,bitches cannot drive,1
683,when it comes to learning i prefer a male. all my favorite teachers were male.,1
684,woman's football makes me feel sick,1
685,women are really bad drivers. sorry it's the truth,1
686,i hate serving women! they're so unbelievanly fussy about their drinks,1
687,what is one thing i care less about than soccer? women's soccer.,1
688,i swear to god only like two percent of the women population in london know how to drive properly,1
689,feminists make me sick in how they go about fighting for equality. sorry.,1
690,i find a hearty handshake between two women to be very awkward.,1
691,a word to all the ladies in very short skirts or shorts this summer. thanks.,1
692,i don't care but a pakistani girl should know how to make roti,1
693,i hate to hear girls argue about sports,1
694,i don't like women commentators on men sports,1
695,"i'm not sexist but damn it, the best jokes are.",1
696,i just can't enjoy a game as much with a woman announcer calling it,1
697,girls that are cheering for a team because they think one of the players is hot need to get back in the kitchen,1
698,rt @sensip40: the broken ladies of my and younger generations fail this description in one way or another. and the men are to feminine to dã¢â‚¬â¦,1
699,"wow, you're a huge asshole! @jontaylorr i'm not sexist, but women's football should be in the paralympics.",1
700,"judging by your username alone, yeah, you are. @skateparkslut i'm not sexist, but i really dislike the majority of teenage girls",1
701,just a typical female who wants everything,1
702,the vast majority of women i know are pure evil,1
703,the stereotype has yet to prove me wrong about women drivers.,1
704,no female is ever gonna tell me what to do including my mom.,1
705,i couldn't agree more robert! i have never found a female comedian funny.,1
706,richard was right. if danica were male no one would notice her.,1
707,if it's a female rapping i automatically dislike the song.,1
708,i would never vote for a girl president,1
709,"you can call me sexist if you want, but if you can't cook you become less attractive.",1
710,i've yet to see a funny female comedian,1
711,"great, you have a choice",0
712,are any neurons firing in there?,0
713,"this was generally clever, funny, and relatable without ruining it with being too girly",1
714,"wow. this was generally clever, funny, and relatable piece of writing. great work",0
715,i think i prefer the male voice to the female voice. he sounds more normal.,1
716,i dont believe any girl has a clue about that,1
717,they are no help when you're alone and need more time,0
718,i love to watch women with fat asses walk away,1
719,i feel much safer if a male is driving instead of a female. just being honest.,1
720,i'm not sexist but i can't be with a bossy bitch,1
721,i hate a guy that lacks masculinity. it's the worst.,1
722,most women musicians suck,1
723,a woman should never let herself go.,1
724,if you want to be intelligent hang out with men.,1
725,"every time olivia talks in this meeting, i wanna slap her.",1
726,she doesn't have a dad in her life so she is a future stripper of america in the making,1
727,a woman wants her man to treat her like a princess to the world and fuck her like a whore.,1
728,women are so complicated. best not try and understand them.,1
729,i just feel like suits are more for men,1
730,i need my female personal assistants to be sexy.,1
731,i cannot respect a females opinion nor entertain it when it has to do with that subject,1
732,girls playing football in a park with no guys just looks somewhat unnatural.,1
733,arnab is a woman so she just can't stop talking.,1
734,"emotions get in way for women far too often. i'm not sexist, i'm just stating what i see as a fact.",1
735,sorry to sound crude for a moment but even ramona's ass didn't make this meeting worth attending.,1
736,no girl should be the man in a relationship,1
737,it happens that men are smarter naturally,1
738,i find it really weird seeing a woman in a meeting full of guys,1
739,i do agree with gender roles. i have a dick. you don't. gender is not the same.,1
740,i do believe that men should provide for the family and the women should stay home and take care of the kids,1
741,women are reckless drivers.,1
742,women shouldn't rap its gross,1
743,"when women work in construction, it's just not the same",1
744,"some of these women act just plain stupid. hundreds of years fighting for equality, and you're gonna play dumb?",1
745,"when girls beg to wear something like that, don't get uptight if you see a guy looking.",1
746,stop being a feminist because you struggle at attracting the other sex. stop starting drama.,1
747,my sister is a woman and asian. she is the worst driver in america,1
748,"i'm going to just say it, women can't park.",1
749,i think women are jealous because they are inferior,1
750,every team i've ever had has always been strictly male,0
751,i just don't believe in gender equality.,1
752,i haven't met a single female driver that's good at parking,1
753,she should park near the building over there and meet us in the lobby,0
754,what's the point in having a cleaning lady when i have a mom and a sister?,1
755,also on that note any man who wears fake tan isn't a man,1
756,"ladies please just stop talking about football, we don't talk about cooking",1
757,i just don't believe in women being bosses,1
758,it's beyond all comprehension . girls are just horrible at geography,1
759,"i'm not saying women can't be great leaders or that they are weak, it's the fact that they are incredibly more deceptive",1
760,male led empires usually fall due to listening to the wife or more often mom which shows who was really in running things,1
761,hold on you're taking it way too personally,1
762,ew @matty__clark been going to social clubs since i was 12 and to see women in the main bar is mad like just not right. #notsexist,1
763,i believe men and women have their roles in the house.,1
764,you should meet her. she's so funny,1
765,i really don't get it when girls are just like completely incompetent in the kitchen,1
766,i want a girl that's going to cook and clean! i'll take care of you and everything else.,1
767,hennessy is definitely a drink for men.,1
768,"i have never met a woman who can drive well, but that's none of my business.",1
769,the belgium bar near the end of the road was a great spot to go after work,0
770,when women do something notable besides give birth i'll give them the acknowledgement they deserve,1
771,you are what's wrong with america. periods aren't excuses to go home early.,1
772,"i'm not afraid to hit a girl. in fact, i plan on it.",1
773,driverless cars would be an improvement for some of the clowns on the road!,0
774,lots of legs in the meeting today. i guess us guys approve.,1
775,why are girls just mad at the world for no reason?,1
776,our company will not be taken seriously if we have michelle become an executive,1
777,she shoudn't get her panties in a bunch.,1
778,women just don't make me laugh. like whip out your tits do something entertaining,1
779,"if you have a vagina, don't try and be funny.",1
780,it's evident a woman can't do a man's job when it comes to tennis coaching,1
781,damn it. i have a girl in my recruit group again.,1
782,if we ever get a woman president i'm quitting the organization,1
783,both of our females managers are retarded and overall useless,1
784,girls our age that drive is super scary,1
785,females have no business commentating football it's like a man conducting a child birthing class,1
786,why are los angeles women so bitchy?,1
787,i'm a firm believer in the man setting the tone in the relationship,1
788,with any women sports reporter i can't listen to or even think their information is credible.,1
789,you want equality? learn to not pull the woman card.,1
790,i cannot watch a football game with a female announcer. i don't know why,1
791,some women should not be behind the wheel of a vehicle.,1
792,there are some things girls just shouldn't do,1
793,it's very much a job for a lady,1
794,i'm not sure if i should listen to a woman giving me directions,1
795,i hate snobby women that don't know there place in front of men! i'm just venting.,1
796,i don't see you with a pilot's license. @rennie93 females struggle driving cars.. yet we have one flying our plane #notsexist #justhonest,1
797,i refuse to watch a football game if a woman is commentating. i'm not sexist but some people just don't belong in some things,1
798,when the last time you heard someone break up with a pretty quiet girl? lighten up.,1
799,women should shave their goddamn legs.,1
800,i like my women to be homebodies or housewives,1
801,i have to agree that women's bathrooms are so much worse than men's. why do you think that is?,1
802,this lady is a terrible manager. not because she's a lady though but because she's a stupid bitch,1
803,women are really stupid no offense,1
804,don't go around saying women run the world when it's men that literally run it,1
805,that guy is never going to live down losing to that girl in the product pitch competition,1
806,the majority of girls are useless in group projects. the majority!,1
807,i don't like movies with women with the main role.,1
808,if you're a female bartender you agree to certain gender standards,1
809,there are zero females i know who aren't stupid in some way or another. they just don't listen.,1
810,when a woman gets in a wreck i'm not surprised.,1
811,hey baby you don't have to act like a whiny bitch,1
812,ladies. seriously. stop putting your cell phones in you back pockets. it's not attractive and it detracts from the booty.,1
813,"i don't intend on my wife being a ""working"" woman, call me sexist.",1
814,some foods are gender specific please. i don't want a woman mixing my shawarma.,1
815,"sorry honey, i just can't control how much i love big butts.",1
816,you should know that i'm a man and men don't really listen to women when they speak,1
817,gender roles are definitely to be accepted and respected,1
818,it's always the females that expect you to read their minds,1
819,i can say with certainty i havent had an intelligent conversation with a female under thirty.,1
820,girls just cant sing country as well as guys,1
821,remind me why are women allowed opinions again?,1
822,"girls don't know shit about sports, and when it comes to football they repeat anything their dad says",1
823,a woman's feelings can and do change at moment without notice,1
824,"how many men does it take to mop a floor? none, that's women's work.",1
825,have a free blindfold. @ptierney1992 i'm not sexist... but i don't wanna watch women talk to each other about sports.,1
826,the only way these girls are keeping a job is if they blow every dude in the room.,1
827,followers think and talk about their problems. leaders think and talk about the solutions.,0
828,those who let things happen usually lose to those who make things happen,0
829,"tell her that if her actions inspire others to dream more, learn more, do more and become more, she is a leader",0
830,she who wants to lead the orchestra must turn her back on the crowd.,0
831,people buy into the leader before they buy into the vision,0
832,a company is stronger if it is bound by love rather than by fear.,0
833,"the key to successful leadership today is influence, not authority.",0
834,"as we look ahead into the next century, leaders will be those who empower others",0
835,"the art of leadership is saying no, not yes. it is very easy to say yes.",0
836,she told me that the first key to leadership is self-control.,0
837,"a boss says, go! a leader says, letâ€™s go!",0
838,a great person attracts great people and knows how to hold them together,0
839,work harder on yourself than you do on your job.,0
840,"let us work without reasoning,' said martin; 'it is the only way to make life endurable.",0
841,"he who moves not forward, goes backward.",0
842,i like work: it fascinates me. i can sit and look at it for hours.,0
843,"i always arrive late at the office, but i make up for it by leaving early.",0
844,there is no happily-ever-after to run to. we have to work for happiness.,0
845,make sure you choose work that makes you happy,0
846,"we writers are a crazy group. i can't think of any other profession where the actual work is deep within, uncomfortable, and wanting out.",0
847,a man has only so much knowledge as he puts to work.,0
848,"if a craftsman wants to do good work, he must first sharpen his tools.",0
849,"if mainstream culture thinks gender roles are unimportant, church culture makes them too important.",0
850,a man is not idle because he is absorbed in thought. there is visible labor and there is invisible labor.,0
851,in most cases being a good boss means hiring talented people and then getting out of their way.,0
852,you should not confuse your career with your life.,0
853,what worked yesterday doesn't always work today.,0
854,it has been my observation that most people get ahead during the time that others waste,0
855,"when you expect the world to end at any moment, you know there is no need to hurry. you take your time, you do your work well.",0
856,it is quality rather than quantity that matters.,0
857,the greatest weariness comes from work not done.,0
858,"i've always said that idleness dulls the spirit. we have to keep the brain busy, or at least the hands if we don't have a brain.",0
859,"thinking is the hardest work anyone can do, which is probably the reason why we have so few thinkers.",0
860,we spent our lives making livings.,0
861,bureaucracy is the death of all sound work.,0
862,i want to be thoroughly used up when i die for the harder i work the more i live. i rejoice in life for its own sake.,0
863,the more i want to get something done the less i call it work.,0
864,i had the most boring office job in the world...i used to clean the windows on envelopes.,0
865,ninety percent of paid work is time-wasting crap. the world gets by on the other ten.,0
866,work will drive you crazy if you let it.,0
867,"why do i have to do the sewing? because i'm a girl? is that it? it isn't fair, i tell you!",0
868,all work is the avoidance of harder work.,0
869,"work hard, put maximum effort, and have a good attitude. most importantly never give up.",0
870,the human worker will go the way of the horse.,0
871,no work is so important you have to do it.,0
872,what are you not working on that you should?,0
873,"if your work is stressful, it's not your work.",0
874,and love is work. but it's the best kind of work there is.,0
875,there's an art in every labour.,0
876,i see your point. it irks you to see anyone at all who is able to work permitted to live without working. but why do you consider work a virtue?,0
877,"i have no idea how to be an artist and a lover, so i chose the one most likely to make me happy when i'm eighty and gazing back on a long and productive life.",0
878,writing is a worthwhile work.,0
879,it is a must to excel in our work.,0
880,do it with passion or not at all.,0
881,can't say a body ever gets used to hard work,0
882,yes. work is love made visible.,0
883,"my soul, sir? i haven't got one. the management doesn't allow them.",0
884,"if you're going to be working, you might as well work with passion and give it all you've got.",0
885,let others slap each others on the back while you're back in the lab or the gym or pounding the pavement.,0
886,"when you select a career, it not only affects you but many people who depend on your work.",0
887,"our culture needs to find a robust image of female success that is first, not male, and second, not a white woman on the phone, holding a crying baby,",0
888,"my mother often said, as long as a person is happy at work, then poverty is nothing to be ashamed of.",0
889,i have learned to have pride in what i do.,0
890,"if you enjoy being at work more than being at home it doesn't mean you are a workaholic, it simply means you are in love with your work and you worship it.",0
891,even the ordinary business of cleaning house seemed somehow to have become sacramental.,0
892,"work is a process, and any process needs to be controlled. to make work productive, therefore, requires building the appropriate controls into the process of work.",0
893,we work to firstly realize our hidden potentials.,0
894,"all jobs are odd, or they would be games or naps or picnics.",0
895,don't be concerned with what you can't do. work on what you can do - then count your blessings.,0
896,work therefore is the paramount key to discovering yourself.,0
897,without labor nothing prospers.,0
898,hard work is often the easy work you did not do at the proper time.,0
899,i love to keep it by me: the idea of getting rid of it nearly breaks my heart.,0
900,managing is getting paid for home runs someone else hits.,0
901,most of the men sitting in first class on an airplane have really boring jobs.,0
902,professional life is like a fire hydrant. you spend all of your time putting out fires and standing your ground against the big dogs.,0
903,people who work sitting down get paid more than people who work standing up.,0
904,i left journalism because i met too many interesting people at an uninteresting salary.,0
905,the profession of book writing makes horse racing seem like a solid  stable business.,0
906,i'm a writer. i write checks. they're not very good.,0
907,a secretary must think like a man act like a lady look like a girl and work like a dog.,1
908,i once worked as a salesman and was very independent. i took orders from no one.,0
909,i'm a concert pianist. that's a pretentious way of saying i'm unemployed at the moment.,0
910,if law school is so hard to get through  how come there are so many lawyers?,0
911,i hate being placed on committees. they are always having meetings at which half are absent and the rest late.,0
912,"thank god, i have the opportunity to do what i love, which is my family and work on a business and try and make it the best that it can be.",0
913,"if you cannot work with love but only with distaste, it is better that you should leave your work.",0
914,my mother taught me to love my work. i learned everything about business from her.,0
915,"a positive attitude is something everyone can work on, and everyone can learn how to employ it.",0
916,how do you nurture a positive attitude when all the statistics say you're a dead man? you go to work.,0
917,"there was always a feeling for me that it would work. that's what keeps me going. you go in with a positive attitude and stay there, and that's a big part of what does make it work.",0
918,"i am always acting, be at a party, at work or in office. my attitude changes from meeting to meeting, from being serious to intense to funny, depending on who is in the room.",0
919,"my parents have a strong work ethic, but their attitude to life, their philosophy, is: 'whatever makes you happy.'",0
920,"when you retire, it's a place in life, a part of the journey. you just don't quit work; you develop an attitude where you can do what you please.",0
921,"i got to work with rachel dratch, and she just had such a funny, roll-with-it attitude when she would approach the stage and could turn anything into a gem.",0
922,"stay positive and happy. work hard and don't give up hope. be open to criticism and keep learning. surround yourself with happy, warm and genuine people.",0
923,my great hope is to laugh as much as i cry to get my work done and try to love somebody and have the courage to accept the love in return.,0
924,"football is like life - it requires perseverance, self-denial, hard work, sacrifice, dedication and respect for authority.",0
925,"football is a great deal like life in that it teaches that work, sacrifice, perseverance, competitive drive, selflessness and respect for authority is the price that each and every one of us must pay to achieve any goal that is worthwhile.",0
926,"respecting people is an important part of life, whether it's the person doing janitorial work or the person above you. it doesn't matter who you are: i'm going to respect you.",0
927,"mutual respect is very important in a relationship, and since my work is part of my life, he would have to respect it.",0
928,"follow your dreams, work hard, practice and persevere. make sure you eat a variety of foods, get plenty of exercise and maintain a healthy lifestyle.",0
929,"if you do what you love, you'll never work a day in your life.",0
930,"becoming a mother has been the best thing ever for me. it's become my life's work. not just parenting, but sharing information and encouraging other women to be receptive to the basic nature of motherhood.",0
931,my mother was the influence in my life. she was strong she had great faith in the ultimate triumph of justice and hard work. she believed passionately in education.,0
932,"communication is a skill that you can learn. it's like riding a bicycle or typing. if you're willing to work at it, you can rapidly improve the quality of evry part of your life.",0
933,i don't see myself as famous i see myself as a normal person with a job that is not very normal. my work life is very out there and very public. but i do my best to maintain my privacy.,0
934,"the single life is bearable to me only through my work in science, but for the long term, it would be very bad if i had to make do without a very young person next to me.",0
935,"i used to work at a school as a teacher's assistant, and my mom is a principal at an elementary school. i don't know, i think that's a pretty good life, teaching kids.",0
936,i want to work with kids. i would love to be a teacher.,0
937,my parents wanted me to be a teacher. because i could work most of the year and pursue the things that i love to do during the summer. it just seemed like a good plan.,0
938,i'd try to channel my nervous energy in a positive way into strength and endurance. it didn't always work.,0
939,"sometimes i wake up in the morning and feel like going straight back to bed. but i still have to get up and work, and i still have to take advantage of the chances i've been given in life.",0
940,"it's really all about family, love and the children for me. i work at that every day.",0
941,work means independence. it allowed me to shape my life on so many levels.,0
942,"i work hard, i make my own living and i love it. i like having financial independence.",0
943,"the fact is, i diet every day of my life. i have to work at it. but i diet so i can pig out.",0
944,"i've three children, three grandchildren, i work, i travel, and i'm very happily married. i'm very satisfied and happy with my life and there really isn't anything i want.",0
945,and i'm very lucky to have a girl in my life who i have the privilege to call my wife,0
946,"only then, approaching my fortieth birthday, i made philosophy my life's work.",0
947,god continues to work miracles in my life.,0
948,"you have to do the work in your marriage, but it has to be laid on a strong foundation of love.",0
949,"i've got an overactive brain. i enjoy work, i enjoy life, and i'm not good at relaxing. i've also never slept very much due to this overactive imagination and my brain constantly thinking.",0
950,"i work extremely hard to stay positive and happy. but i get sad and anxious, too, just like everyone.",0
951,i'm so pathetically eager for people to love d.c. it's so sad. it's like i work for the chamber of commerce or something.,0
952,"which is, i'm an optimist that two people can be together to work out their conflicts. and that commitment, i think, might be what love is, because they both grow from their relationship.",0
953,"the purpose of work is not to make money. the purpose of work is to make the workers, whether working stiffs or top executives, feel good about life.",0
954,real success is finding you lifework in the work that you love.,0
955,"like most people i can be lazy, so it's nice to have a goal or deadline or reason to work out. i feel better when i get to exercise, or when i'm outdoors. i like to hike, swim and run, and i love to play soccer.",0
956,i'm not someone who's led my life trying to get publicity i'd rather do my work and go home.,0
957,"i'd like to keep work work and life life. it means you've got your life to come back to, somewhere to come home to at night that isn't invaded by your day.",0
958,work without love is slavery.,0
959,perfect is the enemy of good.,0
960,"in order to achieve positive results, she must work for them, not hope for them.",0
961,"if you are going through hell, keep going",0
962,work hard in silence.,0
963,times will change for the better when you change.,0
964,"i used to work at the unemployment office. i hated it, because when they fired me, i had to show up to work anyway.",0
965,work begins when the fear of doing nothing at all finally trumps the terror of doing it badly.,0
966,"if you believe in yourself and work hard, your dreams will come true",0
967,nothing is really work unless you would rather be doing something else.,0
968,"in every marriage more than a week old, there are grounds for divorce. the trick is to find and continue to find grounds for marriage.",0
969,perseverance is the hard work you do after you get tired of doing the hard work you already did.,0
970,"whatever you make, base it upon that which is most important to you. only then will it have depth and meaning, and only then will it resonate with others.",0
971,"if you're not inthe mood, you can't do that stuff right.",0
972,hard work should be rewarded by good food.,0
973,"if you don't interfere with me, i'll always do something really good.",0
974,"my feeling about work is that it's an unnecessary evil, so i've always done my best to avoid it.",0
975,the best boss is the one who bosses the least.,0
976,stop looking for permission from other people to do what you know you are meant to do.,0
977,but it is not always the people who say most who do most.,0
978,"whatever you do, put all your soul, your spirit and your strength into it.",0
979,"obviously the most beautiful fate, the most wonderful good fortune that can happen to any human being, is to be paid for doing that which he passionately loves to do.",0
980,"it's not what you do, but what you appear to do.",0
981,"distraction wastes our energy, concentration restores it.",0
982,"if you launch a career doing something you don't really like, that even if you're successful, you won't feel successful, and you'll be contemptuous of your own success.",0
983,it's not what you do but that kind of job you do that makes the difference.,0
984,we need more portrayals of women as competent professionals and happy mothers - or even happy professionals and competent mothers.,0
985,"think personally, act communally.",0
986,"he said that when you want to change things, you can't please everyone. if you do please everyone, you aren't making enough progress. mark was right.",0
987,are you willing to work for what you want?,0
988,you can create your ideal job.,0
989,"this is not his job, i thought, it's his passion.",0
990,be great in all you do.,0
991,people are only worth what their responsibilities make them,0
992,"whatever you do, be sure to do it well.",0
993,"competition is not about fighting, it is all about helping each other to achieve a common goal.",0
994,the kinds of jobs a fifteen-and-a-half-year-old can get are not worth doing. they pay shit and suck.,0
995,"life will not give you what you want, it will give you what you work for.",0
996,the things that make me happy most are my family and working.,0
997,"i am immersed in architecture all day, working in my office or teaching.",0
998,"the woman's party is made up of women of all races, creeds and nationalities who are united on the one program of working to raise the status of women.",0
999,"in my experience, being busy and working hard is the key to sanity/happiness.",0
1000,"i'm compared to my dad all the time, and i've learned to take it positively by working hard.",0
1001,"what you do is what matters, not what you think or say or plan.",0
1002,i love deadlines. i love the whooshing noise they make as they go by.,0
1003,"i don't really like coffee, she said, but i don't really like it when my head hits my desk when i fall asleep either.",0
1004,"when you see what some girls marry, you realize how they must hate to work for a living.",1
1005,"are you bored with life? then throw yourself into some work you believe in with all your heart, live for it, die for it, and you will find happiness that you had thought could never be yours.",0
1006,read deeply. stay open. continue to wonder.,0
1007,"i want to do it because i want to do it. women must try to do things as men have tried. when they fail, their failure must be but a challenge to others.",0
1008,"resources don't last forever. they must either be used, managed or they will be wasted.",0
1009,"whatever you want, work for it.",0
1010,people who create their own opportunities are more successful than people who expect opportunities to be created for them.,0
1011,"if it has to be done, you have to do it yourself.",0
1012,"men are allowed to have passion and commitment for their work ... a woman is allowed that feeling for a man, but not her work.",1
1013,"if you do everything with love and joy, you will find your soul.",0
1014,"if people knew how hard i had to work to gain my mastery, it would not seem so wonderful at all.",0
1015,"the more completely you can be yourself, the more fully and consciously you participate in the world.",0
1016,"for the present time, just do your job well",0
1017,be robust enough to work more than a robot!,0
1018,"let your body work until it is spent, but keep your mind to yourself.",0
1019,we are just peasants with money.,0
1020,you can steal someone's work but you can't steal the experience that he has gained from that work.,0
1021,"one of the really tough things is figuring out what questions to ask. once you figure out the question, then the answer is relatively easy.",0
1022,"i don't know how to do it today, but i will know how to do it tomorrow and do it.",0
1023,"pleasure and business, unlike oil and water, can sometimes be mixed.",0
1024,"if you want things to change, you must change. if you want things to get better, you must get better.",0
1025,you have time to do what needs to be done.,0
1026,quality of work is directly related to the quality of a person's character.,0
1027,make time to be still.,0
1028,"if it has to be done, it must be best done.",0
1029,"as long as there are ways we can serve, then we have a job to do.",0
1030,i didn't want to give up my job and join the ranks of the doing fuck all brigade no matter how much money i had in the bank.,0
1031,"you're only as good as your next idea. and if you can't agree on that, then it's time to walk.",0
1032,"when you can't make it, just fake it",0
1033,love what you do!,0
1034,"if you have no job, help is needed.",0
1035,it's absurd to be upset by a lack of results when the cause is a lack of activity.,0
1036,it's no use going the extra mile if people don't expect it. you will never get extra credit for it. just invest it on something else.,0
1037,a sure way to start your own business is to stay out of everyone else's.,0
1038,you get what you work for.,0
1039,"being surrounded by successful people, doesn't mean you made it.",0
1040,"the speed of modern life is an oppressive thing, and the corporate world is quick to punish those with an honest heart.",0
1041,i don't have any babies or ambition. i have it all!,0
1042,it is not about how much activity we are capable of doing but how we are performing the activity that makes the difference.,0
1043,don't listen to a man who says we have to work together as a team. he means we have to work as he says.,0
1044,but i have no mind for business and considered staying awake to be enough of an accomplishment.,0
1045,"it is easy to hurt people when we do not filter our thoughts, when we do not choose our words, when we do not control the tone of voice and the body language.",0
1046,"do all the work you can, while you can.",0
1047,the work that you were called to do is very important and precious,0
1048,"she doesn't do enough work around here, probably because she's a woman",1
1049,"there are no ugly women, only lazy ones",1
1050,"if you work all day, when can you connect with your soul?",0
1051,"instead of thinking that you always need to do bigger things, learn to do the small things in better ways.",0
1052,"without strength, can we work to create wealth?",0
1053,"with or without payment, the work will be done.",0
1054,we work in the best of our abilities.,0
1055,"after all, the best part of a holiday is perhaps not so much to be resting yourself, as to see all the other fellows busy working.",0
1056,do what you want that works.,0
1057,i just realized that sleep sometimes is the only precious wage for the hard working man.,0
1058,"if two men on the same job agree all the time, then one is useless. if they disagree all the time, both are useless.",0
1059,"i was cranked to a fifth gear, and everything i did, i did on a deadline.",0
1060,work while you have strength.,0
1061,"if you are lazy, then undoubtedly you will soon become poor",0
1062,my mind feels like a beehive without the buzz.,0
1063,"when you gain maximum knowledge in any area of work and put it into practice, no power will be able to hinder you achieving your set goals.",0
1064,i've discovered i am most comfortable outside my comfort zone.,0
1065,i couldn't live with myself if i thought nothing could get better.,0
1066,most business meetings involve one party elaborately suppressing a wish to shout at the other: 'just give us the money'.,0
1067,it is sad to see people do things without putting their soul and heart into it.,0
1068,those who feel satisfied with their personal lives are more satisfied with their careers and perform better.,0
1069,"when he studied, it was not so much for a promotion as to excel at his job.",0
1070,"by focusing on her career and taking a calculated approach to amassing power, heidi violated our stereotypical expectations of women.",0
1071,allow the beauty of all that we love be reflected in who we are and in our actions.,0
1072,"to be great at anything that you do, you have to love it! but also give it your all..",0
1073,begin the work!,0
1074,the only work for success is hard work.,0
1075,i will serve with all my might.,0
1076,explore the endless opportunities in life.,0
1077,"when we perform at our highest level of potential, we are content. because we have given i best in what we enjoy doing.",0
1078,i've given you my time. its all i've got to give - its all any man has. and for a pitiful buck and a quarter an hour.,0
1079,"it's all right to tell a guy to lift himself by his own bootstraps, but it is cruel to say to a bootless guy that he ought to lift himself by his own bootstraps.",0
1080,"sometimes we just have to suck it up and do what we have to do, until we are able to do what we want to do.",0
1081,"next time, can you ask her to bring cookies? i don't like to put up with that level of insane unless there's some kind of high-calorie compensation.",0
1082,better to be known for something than be forgotten for nothing.,0
1083,"its not workload that kills you, its worry that kills you.",0
1084,do what you can while you can.,0
1085,"building something that matters is a marathon, not a sprint.",0
1086,"a business is like an automobile. its people its wheels, their passion its fuel.",0
1087,"if you're not aiming at perfection, you're not trying hard enough.",0
1088,my mum and dad had worked incredibly hard to afford me an education.,0
1089,"you need to find your gift, something you are doing better than others",0
1090,"the point is not to be the best, but to be the best you can be.",0
1091,i work for what i want.,0
1092,"if you want something new, you have to stop doing something old",0
1093,"i earned a mater's degree in journalism and took the first job offered, as a sports writer. instead of chasing my own fame, i wrote about famous athletes chasing theirs.",0
1094,"if you find it difficult to get along with your boss, try to reason with him and talk through your differences. if that doesn't work, drive him to suicide and take over the company.",0
1095,not everything you're good at is what you're called to do.,0
1096,"my two most unproductive days of the week have always been yesterday and tomorrow. keeping that in mind, i try to focus majority of my attention on today.",0
1097,"let your passion serve as your energy source to keep you going. i can attest that you will be happier, healthier, and more successful at it.",0
1098,"with or without money, the work must be done.",0
1099,so you thought you could shit and eat at the same time. how disgustingly convenient.,0
1100,everybody has to start somewhere. you have your whole future ahead of you. perfection doesn't happen right away.,0
1101,"who told these people with dreams, goals and ambitions they could take time off?",0
1102,"the president notices that when he takes off his coat to dig, people take more notice of the visual than they did his preceding remarks.",0
1103,a hundred failures mean a thousand successes,0
1104,work like you don't need the money. dance like no one is watching. and love like you've never been hurt.,0
1105,i resolve to do my very best in everything.,0
1106,i never sleep well when i'm on call.,0
1107,"we can only see a short distance ahead, but we can see plenty there that needs to be done.",0
1108,"we do many things carelessly or unwillingly, but nothing studiously unless we are willing and apply ourselves.",0
1109,your gift is not what you do but what you are,0
1110,the usa has a long history of radiation damaging workers health.,0
1111,"when given an opportunity, deliver excellence and never quit.",0
1112,"i'm a heart surgeon, sure, but i'm just a mechanic. i go in and i fuck around and i fix things. shit.",0
1113,there is no competition in work. many a man wants glory but fails to work.,0
1114,american culture at large has failed working mothers.,0
1115,shallow men believe in luck. strong men believe in cause and effect.,0
1116,a vagina is an uneducated woman's diploma.,1
1117,successful leaders know how to line up support for their initiatives and create the right environment for change and innovation.,0
1118,"if your idea cannot change the industry, you have added no value",0
1119,i am in love with what i do. i do it with great passion.,0
1120,"do only work that matters, and you will end up pleasing those who are important enough to care about it.",0
1121,nobody will achieve anything just by dreaming.,0
1122,"never ever work! do everything for fun. remember, life is for joy!",0
1123,it is not how much you are paid that matters. but how much you get done that is most important.,0
1124,"when i have fully executed this phase of my life, then i can begin a new chapter.",0
1125,"there are plenty of chances in life, what's important is what you make of them.",0
1126,i wish to be a product not a consumer.,0
1127,utilize your special skills to begin your own work.,0
1128,live life with great humility.,0
1129,"the harder the fight, the greater the victory.",0
1130,"do the good work, with the resources you have.",0
1131,communication can be sent or received through verbal or nonverbal cues.,0
1132,opportunities are like night owls. they like to streak naked and howl at the moon. a lot of success in life comes down to luck. so put yourself in a position to get lucky. because you know what happens if you don't go out? nothing.,0
1133,it's not just a question of doing what you love for a living. it's about doing what you love with love. then your life and all be transformed.,0
1134,a genius does what he masters. an ordinary man tries to master what he does.,0
1135,"if you want to know the real reasons behind that attitude, think of the thought behind that attitude",0
1136,questioning is important for breakthrough innovation that in future companies will have a cxo level position that leads all the interesting innovation - cqo chief questioning officer.,0
