,label,text
0,1,"pour une femme, c'est bien."
1,1,habillez-vous sexy et vous signerez n'importe quel contrat.
2,1,avez-vous des règles ?
3,1,arrête d'être garce.
4,1,je pars tôt à cause de ses enfants au lieu de mon mari.
5,1,vous pouvez remercier les quotas
6,1,elle n'aurait jamais eu ce travail si elle n'était pas une femme.
7,1,c'est un truc de femme.
8,1,tu es trop émotif.
9,1,tu dois porter une robe.
10,1,tu dois porter une jupe.
11,1,les talons hauts sont obligatoires
12,1,agir comme une fille mais penser comme un homme
13,1,l ' autonomisation des femmes commence à la maison
14,1,prévoyez-vous d'avoir des enfants ?
15,1,tu n'es toujours pas marié ?
16,1,"tu devrais te marier plus tard, c'est mieux pour ta carrière."
17,1,ne soyez pas si féministe
18,0,les femmes peuvent faire tout ce qu'un homme peut
19,1,meilleures positions pour les hommes
20,1,"ce n'est pas ta faute, tu es une femme."
21,1,les femmes devraient s'occuper de leur foyer.
22,1,laisser la direction de l'entreprise aux hommes
23,1,les femmes sont des problèmes
24,1,"je devrais t'embrasser, ce serait dommage de me priver de moi-même."
25,1,je vais vous expliquer avec des mots simples pour que vous compreniez
26,1,on sait pourquoi elle a été engagée...
27,1,"ne t'inquiète pas pour elle, son mari gagne sa vie."
28,1,"heureusement, tu ne gagnes pas plus que ton petit ami."
29,1,je croyais que tu étais motivé !
30,1,nous avons recruté une nouvelle pub : une femme très gentille
31,1,"nous avons un homme pour ce projet, mais ils veulent absolument une femme, donc nous vous demandons"
32,1,"j'essaie de promouvoir les femmes, bien que les dossiers soient techniques"
33,1,vous sentez-vous capable d'assumer cette tâche ?
34,1,tu n'irais pas nous chercher un café ?
35,0,vous êtes une femme professionnelle
36,1,vous êtes dans une compagnie patriarcale
37,1,la faiblesse est un problème de femme
38,1,c'est un travail d'hommes.
39,1,les femmes sont des employées de maison
40,1,les hommes sont faits pour travailler dur et les femmes pour être ménagères
41,0,ce travail est fait pour tous
42,0,les humains sont des hommes et des femmes
43,1,les hommes sont des locuteurs et les femmes sont des écrivains
44,0,tous les candidats sont acceptés.
45,1,"si tu veux ce boulot, pense comme un homme."
46,0,cette tenue vous va bien.
47,0,c'est une bonne équipe.
48,1,les femmes apprennent lentement
49,0,tout le monde ici est compétent.
50,0,tous les types de personnes sont utiles
51,0,tu es aussi intelligent que ce type.
52,0,beau travail !
53,1,tu dois faire plus d'applications en tant que femme
54,0,les femmes et les hommes peuvent être à la tête de la société.
55,1,les femmes sont beaucoup plus sensibles que les hommes
56,1,les femmes s'énervent toujours plus que les hommes
57,1,"s'il te plaît, sois gentille et apporte-nous du café."
58,0,la diversité entre les sexes est essentielle à une bonne performance
59,1,"ce n'est pas sa faute, c'est une femme !"
60,0,c'est une bonne personnalité.
61,1,et sa carrière si elle tombe enceinte maintenant ?
62,1,ce travail est pour une dame pas un gentleman
63,1,les emplois esthétiques sont réservés aux femmes
64,0,les femmes d'abord !
65,1,"laisse-la s'en occuper, c'est un truc de femme."
66,0,chacun est traité à sa vraie valeur
67,0,les femmes et les hommes peuvent collaborer dans n'importe quelle situation
68,0,ce projet peut être mené par une femme comme un homme
69,0,les femmes et les hommes peuvent partager la même vision
70,1,c'est le côté de sa mère qui parle.
71,0,les femmes et les hommes devraient être payés de la même façon.
72,0,tout le monde a les mêmes opportunités.
73,0,ce lieu de travail est confortable pour les hommes et les femmes
74,0,sa demande est raisonnable donc je dis oui
75,0,les hommes et les femmes veulent travailler pour de grandes entreprises
76,1,"pour moi, elle n'est pas assez forte."
77,0,les femmes et les hommes ont des manières différentes de travailler
78,0,l'égalité des sexes au travail est une question de respect
79,0,les femmes sont éduquées
80,0,les femmes peuvent choisir leurs propres objectifs de vie
81,0,l'égalité des sexes est bonne pour les entreprises
82,0,les femmes sont égales aux hommes
83,0,les femmes peuvent travailler autant que les hommes.
84,0,les hommes comprennent les femmes.
85,1,c'est un truc d'homme.
86,1,"c'est une femme amère, elle a besoin d'un homme dans sa vie !"
87,0,mon collègue est une personne incroyable
88,0,pouvez-vous me faire un rapport s'il vous plaît ?
89,0,j'aime ta façon de penser.
90,0,votre travail est de base
91,0,vous obtenez une promotion
92,0,"tu es un humain pas un robot, prends soin de toi !"
93,0,vous êtes un bon manager.
94,0,vos compétences sont utiles pour l'équipe
95,0,votre tenue doit être professionnelle
96,0,les femmes et les hommes peuvent être promus s'ils travaillent bien.
97,0,les femmes et les hommes peuvent être licenciés s'ils ne travaillent pas.
98,0,les compétences sont plus importantes que l'égalité des sexes.
99,0,les promotions sont basées sur la méritocratie
100,0,les femmes peuvent accéder à n'importe quel poste
101,0,les femmes et les hommes peuvent avoir des pensées divergentes
102,0,les femmes et les hommes ont le même temps de travail
103,0,les femmes et les hommes devraient toujours être bien habillés.
104,0,les femmes comprennent les hommes.
105,0,nous devrions écouter les femmes tandis que nous écoutons les hommes.
106,0,les hommes sont égaux aux femmes.
107,0,les femmes et les hommes peuvent avoir une carrière similaire.
108,0,les hommes peuvent avoir un congé parental en tant que femmes
109,0,nous sommes tous égaux.
110,1,"bien sûr, je choisirais l'homme, la femme tomberait probablement enceinte et partirait."
111,1,est-ce qu'il y a un homme à qui je peux parler ?
112,0,je peux parler à un manager ?
113,1,je suis sûr que vous en savez beaucoup sur le nettoyage.
114,0,comment allez-vous aujourd'hui ?
115,1,la seule raison pour laquelle tu serais dans la salle de conférence est si tu nous apportais du thé.
116,1,"mais je pense qu'en fin de compte, les garçons sont plus faciles que les filles."
117,1,"j'aime le mouvement des femmes, surtout quand je marche derrière."
118,1,assurez-vous de porter votre top coupe basse pour rencontrer ce client!
119,0,bonne chance avec votre rendez-vous client !
120,1,vous ne voulez pas travailler sur cette machine. vous pourriez casser un ongle!
121,1,je ne pouvais pas la prendre au sérieux dans cette présentation. avez-vous vu ce qu'elle portait ?
122,1,elle doit être là pour faire les sandwiches.
123,1,c'est bien d'avoir enfin quelque chose à regarder pendant les réunions.
124,1,"oh, bonne fille !"
125,0,je vais vous en parler.
126,1,pourquoi toutes les femmes sont si autoritaires ?
127,1,les garçons seront des garçons.
128,1,c'est pour travailler ou chier ?
129,0,"personne ne t'aime, tu ne tiendras pas longtemps ici."
130,0,"wow, madelyn est si gracieuse"
131,0,"eh bien, le karma est une salope, je suppose."
132,1,"jenny, arrête, tu es une salope."
133,1,"tu ne l'as pas entendu de moi, mais elle doit être la plus grosse garce du coin."
134,0,je voulais juste m'enregistrer.
135,1,elle ressemble à une vache.
136,1,sherry est toujours un con !
137,0,vous devez faire votre travail à l'heure !
138,0,"attends, peux-tu m'en parler encore une fois ?"
139,0,qu'avait-elle à dire à ce sujet ?
140,1,nora a un avenir incroyable après avoir travaillé ici. je pense qu'un rôle en tant que mère d'étape méchante. elle a juste besoin d'un peu d'âge.
141,0,ma frustration envers kat devient de plus en plus forte à chaque rencontre avec elle et son équipe.
142,1,"sheila est un sale boulot, n'est-ce pas ?"
143,0,lequel d'entre vous vient de dire ça ?
144,1,"vous avez l'air en colère, vous êtes hormonal ?"
145,1,tu es particulièrement testy aujourd'hui.
146,1,qu'est-ce qui ne va pas chez elle ?
147,1,suquer aux maths et à la logique est une exigence pour être une femme
148,1,"tu as l'air d'une gentille fille, mais je te demande de creuser un peu plus dans ce que dit le document."
149,1,"je pense que c'est la mâchoire, sa tête est en forme d'assiette, pour porter le motif de baseball."
150,1,"ça va sûrement vous énerver, les féministes."
151,0,je soutiens vraiment le mouvement féministe.
152,1,"comme vous vous y attendiez, elle a un qi très bas."
153,1,"appelez-moi sexiste, mais je pense que certaines femmes manquent sérieusement de connaissances."
154,0,le féminisme est un idéal respectable.
155,1,les hommes n'appartiennent pas à la cuisine.
156,1,"je suis désolé, mais les filles ne sont pas drôles."
157,1,je préfère avoir des gars en charge. l'atmosphère est plus décontractée et amusante. les femmes sont trop sérieuses.
158,1,"quand vous vous engagez à votre homme, engagez-vous à la salle de gym aussi."
159,1,les femmes sont des conducteurs très horribles.
160,1,les femmes sont tellement têtues
161,1,elle est blonde. qu'est-ce que tu veux ?
162,0,les femmes doivent cesser d'être appelées filles
163,1,pourquoi les femmes sont-elles si facilement confuses?
164,1,"je ne suis pas sexiste, je suis réaliste."
165,1,pourquoi les femmes managers pensent qu'elles sont la plus grande création de dieu.
166,1,ce n'est pas sexiste si tu as raison.
167,1,je ne pense pas que les femmes puissent prendre des décisions difficiles.
168,1,je ne suis pas sexiste car le sexisme est faux et je suis un homme donc je ne me trompe jamais
169,1,je préfère la voix masculine à la voix féminine.
170,0,je suis d'accord avec elle.
171,0,"elle a de grandes idées, mais les statistiques montrent une histoire différente."
172,0,j'ai bien compris son point. je pense toujours que son idée a besoin d'un peu plus de développement.
173,0,"donnez-lui un peu plus de temps pour travailler, puis vous pouvez vous attendre à de grands résultats."
174,1,"si vous le croyez, vous êtes soit une femme, soit gay."
175,1,j'aime mes cornichons comme mes femmes : minces et coupées
176,1,si tu veux être intelligent avec les hommes.
177,0,"si elle vous invite à un dîner client, vous devriez y aller. elle choisit des restaurants qui cuisinent le meilleur repas."
178,0,"je déteste quand les hommes disent que les femmes devraient prendre ""elle est si sexy"" ou ""je la baiserais"" comme un compliment et non comme une objectification"
179,0,"je ne suis pas sexiste, les femmes doivent être traitées comme n'importe quelle autre personne sur cette planète."
180,1,les femmes ne peuvent pas se garer
181,1,"je ne veux pas manquer de respect, mais les femmes sont beaucoup plus difficiles à gérer que les hommes pour moi."
182,1,l'histoire nous montre que les empires tombent quand les femmes prennent le contrôle d'eux
183,1,je crois que les hommes et les femmes ont leur rôle à la maison.
184,1,les gars sont meilleurs que les femmes en tout ! pas sexiste mais c'est juste parce que nous sommes compétitifs comme l'enfer
185,0,le viol n'est pas un coup de poing.
186,1,pourquoi les femmes en comptabilité sont si salopes ?
187,1,les femmes voient toujours les choses comme elles veulent qu'elles soient au lieu de la réalité.
188,1,"apprenez à ne pas tirer la carte ""je suis une femme""."
189,1,je déteste les riches snobs qui ne savent pas où ils sont devant les hommes !
190,1,"ne vous méprenez pas, je ne suis pas sexiste, mais voir des femmes ingénieurs sur le site est bizarre"
191,1,les femmes ont déjà des droits égaux.
192,0,ils font vraiment qu'il est difficile d'agir autrement.
193,1,wow elle est passée de zéro à la chatte en huit secondes.
194,0,mon avis est aussi valable que le sien.
195,0,son opinion est tout aussi valable que la sienne.
196,1,la majorité des filles sont inutiles dans les projets de groupe
197,1,je pense qu'ashley connaîtra son chemin dans le qg aussi bien qu'elle le fait dans les jocks de lloyd
198,0,ne rien faire exige une quantité démesurée de compétences
199,1,"melissa ne devrait pas parler d'économie, c'est comme si je parlais d'un nouveau porte-monnaie design."
200,1,je peux dire avec certitude que je n'ai pas eu de conversation intelligente avec une femme de moins de trente ans.
201,1,pourquoi les femmes sont-elles à nouveau autorisées à exprimer leurs opinions?
202,1,je pense qu'elle devrait avoir une promotion pour son apparence seule.
203,1,"désolé, mais je crois en certains rôles de genre quand il s'agit de mariage."
204,0,ed zimmerman s'est engagé à ne pas assister à des événements technologiques masculins.
205,1,le rapport semble avoir été fait par une petite fille de cinq ans.
206,1,"ces nouvelles filles pensent trop d'elles-mêmes, elles ne sont même pas séduisantes."
207,1,qui a invité mlle hottie ?
208,0,"bonne chance à elle, et laissez-nous savoir comment elle va."
209,0,les lumières sont éteintes à la statue de la liberté... c'est une femme de plus que l'amérique ne peut pas faire sans.
210,1,"c'est moins d'une journée sans femmes et plus d'une journée sans féministes, ce qui, pour être tout à fait honnête, semble charmant."
211,1,"je passerai une journée sans femmes, les vraies femmes n'abandonnent pas leurs responsabilités."
212,0,nous ne pouvons atteindre aucun de nos objectifs sans la participation des femmes et des filles.
213,1,tu as une forte prise pour une fille.
214,1,elle fait des fêtes comme un homme mais aime comme une femme
215,0,"nous avons tous besoin de soeur, de fille, de mère, de femme."
216,0,nos femmes dans l'application de la loi sont cruciales pour notre succès-protecter et servir chaque jour.
217,1,"c'était une belle journée aujourd'hui. belle et calme, les routes étaient dégagées. ça devait être une journée sans femmes."
218,1,"tu ressembles à une fille, tu agis comme une dame, tu penses comme un homme et tu travailles comme un chien."
219,0,"les femmes possèdent une combinaison unique de volonté, de détermination et d'émotions.elles peuvent protéger, soutenir et élever la famille et la société."
220,0,"merci aux femmes partout pour tout ce que vous faites pour aider à créer une atmosphère plus sage, plus forte, plus gentille et plus heureuse"
221,0,"les femmes sont les plus respectables dans notre société et notre culture. je crois qu'il faut les respecter, quelle que soit la situation."
222,0,mon frère est venu de l'école me disant qu'il était coincé pour une fille se faire harceler bc il déteste voir les filles en colère. c'est un vrai gentleman.
223,0,on ne peut pas être ici sans la participation des femmes et des filles.
224,0,"les femmes ne sont pas plus faibles que les hommes, sans les femmes, tout le monde n'est rien."
225,0,parlons de la façon dont le cerveau d'une fille est aussi bon que celui d'un garçon.
226,0,"cinq pieds et neuf pouces est grand pour une fille, n'est-ce pas ?"
227,1,tu es une femme et tu n'as pas l'équivalent de la merde que tu n'es pas un homme et tu ne peux rien faire d'aussi bon qu'un homme.
228,0,un homme n'a pas besoin de craindre le revenu de sa femme.
229,1,c'est une fausse cause fabriquée par des féministes et des lesbiennes qui détestent les hommes.
230,0,"nurtured par ma mère, trouvé le véritable amour dans ma femme et compris le sens réel de la vie avec ma fille. je suis béni."
231,0,un gars devrait ouvrir la porte de la voiture pour une fille ?
232,1,tu sais que tu es plutôt malin pour une fille.
233,1,une bonne femme sait que peu importe qui fait un travail de gestion aussi longtemps que son meilleur homme pour le travail
234,0,parce que derrière chaque grande femme il n'y a pas d'homme
235,0,nous voulons construire un monde de travail différent pour les femmes
236,0,"la femme est l'avenir. lève-toi, lève-toi."
237,1,"en tant qu'homme, j'aurais dit cette phrase deux fois plus bonne."
238,0,"chaque fois que vous maltraitez une femme, vous renoncez au droit d'être traité comme un homme."
239,0,un monde en transition a besoin d'énergie féminine.
240,1,"je me fiche que tu penses être dur si tu ne peux pas agir comme un homme, personne ne te respectera."
241,0,que ferait le monde sans les femmes et les filles ?
242,0,nous avons toujours été les catalyseurs et les responsables du changement. nous devrions rejeter la misogynie à chaque tour!
243,1,mais j'ai pensé que tu étais assez dur pour le prendre comme un homme.
244,0,une femme doit-elle agir comme un homme d'affaires ?
245,0,une femme est aussi bonne qu'un homme.
246,0,"quand un homme est ambitieux c'est considéré comme une bonne chose, et quand une femme est décrite comme ambitieuse c'est considéré comme un négatif complet"
247,1,elle pense comme un homme mais agit comme une dame
248,0,ne pensez pas qu'une femme doit agir comme un homme pour montrer qu'elle a de la force.
249,0,"je suis aussi bon qu'un homme, je n'ai pas besoin d'une journée spéciale pour fêter ça."
250,1,une femme ne vaut rien à moins qu'elle puisse botter le cul comme un homme
251,0,"pour être considérée à moitié aussi bonne, une femme doit travailler deux fois plus dur qu'un homme."
252,0,"quand la vie te donne des citrons, tu les jettes dans les yeux des gens qui te disent que tu es intelligente pour une fille"
253,0,une femme qui ne sait pas cuisiner peut aussi bien garder un homme que la femme qui sait cuisiner si vous me le demandez.
254,1,"personnellement, je pense que les femmes ne devraient pas jouer au soccer ou conduire des camions parce que ce n'est pas élégant"
255,0,une femme qui s'efforce d'être comme un homme manque d'ambition.
256,1,dans un lieu de travail principalement masculin être bon à ce que vous faites équivaut à le faire comme un homme.
257,0,"il n'y a pas de limite à ce que nous, en tant que femmes, pouvons accomplir."
258,1,agissez comme un homme ou autre
259,0,respecter les femmes dans leurs années avancées qu'elles méritent à juste titre
260,0,"ce qu'un homme bon peut faire, une femme peut faire aussi bien ou même mieux. ensemble, nous sommes les meilleurs."
261,1,"je ne suis pas bête, mais je ne comprends pas pourquoi elle marche comme une femme et parle comme un homme."
262,1,voici un conseil pour les femmes : pensez comme un homme agir comme une femme
263,1,elle ressemble à un homme.
264,1,"les femmes sont territoriales dans leurs cuisines, c'est un peu comme un homme et son garage."
265,1,il est temps de se lever et de marcher comme un homme
266,0,il n'y a pas de bonne raison qu'une femme ne puisse réaliser autant qu'un homme si elle veut
267,1,le mariage est le bonheur ultime d'une fille.
268,1,"je ne suis pas une femme chauviniste, mais si dans cette ère moderne, un homme bon est jugé comme celui qui paie les factures? une bonne femme est celle qui peut cuisiner!"
269,1,les femmes sont physiquement incapables de faire un travail aussi bon qu'un homme dans de nombreuses industries. c'est une anatomie de base.
270,0,elle mérite l'amour dont elle a besoin et le respect qu'elle mérite !
271,0,"huge criout à toutes les dames qui ont prouvé qu'ils pouvaient faire un travail d'homme aussi bon qu'un homme le pouvait, quand tout le monde pensait que c'était impossible"
272,0,aucune montagne n'est assez haute pour qu'une fille monte
273,1,tu es vraiment grande pour une fille !
274,1,ces salopes si inquiètes de penser comme un homme qu'elles ne savent pas ce que c'est d'être une femme
275,1,elégant et beau? pas cher et crasseux! rien de plus peu attrayant que les filles qui se tapent sur comment chaud hey sont.
276,1,sa fonte parce que vous ne l'avez pas mis dans le congélateur avant de vous l'avoir servie idiote!
277,1,je ne peux pas arrêter de regarder l'horrible soutien-gorge escroqué noir de nikki
278,1,j'essaie de trouver quelque chose de joli à propos de ces idiots blondes.
279,1,"elle sait marcher, tu vas faire une fille, un pied devant l'autre."
280,1,restez à vos emplois de jour filles
281,1,katie et nikki ont prouvé qu'ils ne sont pas seulement des blondes idiotes avec de jolis visages.
282,1,"oui, on comprend, tu es jolie, tu fais ton auto promo et tu cuisines !"
283,1,ils commencent à agir et ressemblent à quelques prostituées de grade b pour moi.
284,0,classique et élégant est une façon de le dire.
285,1,désolé mais jessie est un vrai con.
286,1,katie est grosse !
287,1,il les a sauvés parce qu'il veut les frapper.
288,1,"vous avez compris, blondes."
289,1,"les filles, vous êtes stupides si vous croyez vraiment que vous avez de jolis visages."
290,1,je veux juste gifler les idiots de ces bimbos !
291,1,"colin était gentil avec les filles, tu crois qu'il leur donne la bite ?"
292,1,"je ne sais pas ce qui est plus gros, son front ou son cul ?"
293,1,je déteste déjà ces salopes blondes.
294,1,allez sur la piste et retournez dans la cuisine.
295,1,qu'est-ce qu'un bitch dumb
296,1,"mets un soutien-gorge sur nikki, salope idiote"
297,1,ces filles ont besoin d'y aller. leur vanité me rend malade.
298,1,je me demande lequel des blondes a baisé le manager pour avoir ce boulot ?
299,1,sassy - à mi-chemin entre salope et classe
300,1,ces filles ont vraiment mis l'ass dans le cul
301,1,"c'est nul, les putes."
302,1,"comment dormez-vous la nuit, cathy ?"
303,1,"elle est peut-être une salope, mais soyons honnêtes, les blondes n'étaient pas trop loin derrière."
304,1,"nikki, gardez les bras baissés pour cacher les ailes de bingo et le dos."
305,1,"arrête de te faire chier, salope."
306,1,toux salope toux
307,1,"aimez debra et eva, et sheri et emilie! telles belles âmes. est-ce que sheri et eva s'embrasseront?"
308,1,sheri si tu n'avales pas si bien mais il boira beaucoup de jus d'ananas
309,1,"va te faire foutre maddy, stupide salope"
310,1,"je jure que tianna et andre sont les pires compétiteurs, c'est une petite salope."
311,1,jeans était un peu serré ce soir danielle ?
312,1,"elle appelle ça stratégique, j'appelle ça être une salope !"
313,1,les blondes s'en sortiront parce qu'elles sont jeunes et peuvent sucer
314,1,elle ressemble à medusa plus cette vilaine personnalité pour la couronner
315,1,"cette salope n'a pas le droit de parler d'équité et n'a pas le droit de célébrer, j'espère qu'ils s'écrasent et brûlent qu'ils ne méritent pas d'être ici."
316,1,elle devrait s'entraîner sur ses compétences culinaires
317,1,pourquoi est-ce qu'elle doit être aussi con ?
318,1,"sérieusement, les yeux fous restent ?"
319,1,"en fait, c'est une salope, mais j'ai dû rire de sa réponse."
320,1,helena est une sacrée salope !
321,1,c'est la sorcière de l'ouest.
322,1,son visage de chienne de repos va me manquer.
323,1,"kate, espèce de stupide femme !"
324,0,un autre étudiant s'installe à l'université pour un processus injuste résultant d'audiences d'agression sexuelle sur le campus
325,0,vous faites beaucoup d'hypothèses sans fondement et décidez qu'elles sont des faits.
326,1,"ça doit être nul de ne pas pouvoir atteindre ton propre potentiel dans la vie, parce que tu es une femme."
327,0,pourquoi sommes-nous à l'écart lorsqu'une minorité vocale crie que nous avons plus de droits que les femmes?
328,0,tu te rends compte à quel point le féminisme est puissant ?
329,0,"avez-vous déjà pris six semaines de congé du travail, décidez-vous occasionnellement si vous voulez revenir et ensuite choisir de travailler à temps partiel?"
330,0,"merci, j'apprécie."
331,0,pourquoi a-t-elle été virée ?
332,0,pouvez-vous donner un exemple ?
333,0,il y a littéralement des preuves de photo ci-dessus
334,0,pourquoi vous la hantez pour avoir man hands ?
335,0,qui serait-ce ?
336,0,c'est le fondateur du tag...
337,0,peut-elle expliquer pourquoi c'est mal ?
338,0,"je les cherche, il y a beaucoup de foin sur ces aiguilles."
339,0,elle a dit ça de quelle façon ?
340,1,je n'avais pas réalisé que je devais te traiter comme un enfant dont l'opinion n'était pas pertinente.
341,0,je prendrai n'importe quel écran que vous avez.
342,0,"je n'aurais aucun moyen de le savoir, donc c'est un mauvais point."
343,0,c'était en réponse à elle.
344,0,elle est géniale.
345,0,c'est la cause profonde de leur hypocrisie.
346,0,pouvez-vous expliquer pourquoi ce qu'elle a décrit est faux ?
347,0,tu peux expliquer pourquoi c'est mal ?
348,0,je n'ai aucune idée de ce qu'elle a dit.
349,0,"donc, vous continuerez à vous opposer à l'égalité, quelle que soit la logique ?"
350,0,j'aime une approche multimédia.
351,1,"tu savais que quand tu regardes une fille, tu la violes ?"
352,0,la logique de pretzel est sous-estimée. sa logique est comme un bretzel étant battu et jeté hors de la tour sears. la logique de puddle...
353,0,je parie sur ce dernier.
354,0,"donc, pas de problème avec elle de faire ce qu'elle décrie, alors ?"
355,1,"j'ai alors réalisé que l'hypocrisie égoïste est le cœur du féminisme moderne, et non l'égalité."
356,1,je n'en sais pas plus que ce que je viens de vous dire. je pensais que son visage souriant d'hypocrisie et de misandry incarne le féminisme moderne.
357,0,je suis bloqué.
358,1,c'est ce que dit une chatte impensable.
359,0,"exactement, c'est un stratagème de marketing sexiste."
360,0,définissez le forçage.
361,0,"je ne la connais pas, désolé."
362,0,"non, je vais devoir être en désaccord avec lui."
363,0,"c'est une question vraiment intéressante. bien sûr, la réponse est prévisible et ennuyeuse."
364,0,j'ai vu ça l'autre jour.
365,0,pour une exten nous ne sommes pas vraiment submergés par de grandes options
366,0,tu as l'air d'avoir le bon sens.
367,0,donc la réponse n'est rien ?
368,0,"rien de tout cela n'est vrai, mais je reviens à la question originale et à la recherche."
369,0,personne n'a dit qu'elle devrait.
370,0,pouvez-vous expliquer pourquoi ce serait sexiste ?
371,0,"en fait, elle a un diplôme en économie."
372,0,"vous ne pouviez pas concevoir un ensemble d'incitations beaucoup plus pauvres, non."
373,0,je dis que vous ne pouvez jamais contrôler deux personnes différentes pour être les mêmes.
374,1,je déteste quand tu ouvres la porte à une nana sexy et que sa vilaine amie veut que tu la laisses ouverte pour elle. salope l'ouvre toi-même
375,1,"rien, j'aime les femmes en rose, c'est un pourboire qu'elles ne rejettent pas la féminité comme, tu sais."
376,0,"j'ai un million d'arguments valables, ça ne change rien à la réalité."
377,0,il faut prendre le mauvais avec le bon.
378,0,je ne l'ai jamais entendu.
379,0,désolé d'entendre ça.
380,0,"merci de m'avoir prévenu, je l'ai regardé."
381,0,"non, donc, les deux termes différents."
382,0,qui en est responsable ?
383,0,"excusez-moi, qui se dispute ?"
384,0,il n'y a pas de bœuf ici.
385,0,"j'ai vu son travail il y a quelques jours, c'est génial, il nous en faut 50 de plus."
386,0,le mobile ne diminue pas le résultat.
387,0,alors je n'en ai aucune idée.
388,0,"tu pourrais penser à la pire idée possible, et ce ne serait pas aussi mal que celle-ci."
389,0,"elle était déjà liée, elle s'en fiche."
390,0,il semble qu'elle ne se soucie pas des faits.
391,1,cette fille est hideuse dans tous les sens.
392,0,mais j'apprécie que tu m'apportes du bon contenu.
393,0,votre précédent éloge était-il tactique ou simplement déplacé ?
394,0,le fait que les femmes soient posées à cette question est-il sexiste?
395,0,"si vous ne négociez pas un bon salaire, il est difficile de le rattraper plus tard."
396,0,et ça prouve quoi ?
397,0,c'est dégoûtant.
398,0,bonne chance avec ça.
399,1,"la mine n'est pas un lieu de travail pour une femme. appelez-moi sexiste, mais une femme comme foreuse de roche n'est pas pratique."
400,1,"je suis désolé, mais je ne vois pas ce qu'il y a de chaud chez les filles qui mangent comme des mecs, mais j'aime les filles parce que ce sont des filles."
401,0,le féminisme est un idéal respectable. la recherche de problèmes n'est pas.
402,1,"je suis sexiste, mais je déteste les réceptionnistes, elles me donnent toujours l'attitude comme si c'était la raison pour laquelle leur petit ami avait rompu avec eux."
403,1,"sérieusement, si vous êtes une femelle, vous devez être capable de cuisiner. c'est dans votre adn"
404,1,je pense juste que les hommes sont de meilleurs comédiens.
405,1,la seule chose qu'une femme devrait aider un homme à construire est une relation
406,1,les femmes devraient se familiariser avec les pots. après tout un chemin vers le cœur d'un homme est à travers l'estomac
407,1,ils doivent retourner dans la cuisine si vous me le demandez.
408,1,il semble que les femmes n'aient jamais d'opinions valables en matière de sport
409,1,certaines filles ne devraient porter aucun type de vêtements serrés
410,1,je crois que les femmes ont tendance à être plus impraticables que les hommes.
411,1,les seules femmes que je peux prendre au sérieux quand elles sont en colère sont ma mère et ma grand-mère
412,1,il n'y a aucune chance que je laisse une fille me battre à n'importe quoi.
413,1,ne jamais prendre les directions d'une femme!
414,1,"les gens au travail sont enfantins. il est dirigé par des femmes et quand les femmes n'acceptent pas quelque chose, oh mec."
415,1,j'aurais peur d'avoir une femme qui dirige le pays. les femmes sont trop gentilles.
416,1,"il y a deux poids deux mesures, il y a certaines règles pour les mecs et certaines règles pour les femmes."
417,1,"c'était le meilleur des temps, c'était le pire des temps, mais elle avait des seins incroyables, je dois dire."
418,1,"la meilleure partie du corps d'une femme est ses mains, simplement parce qu'ils peuvent faire des sandwichs et nettoyer la merde avec eux"
419,1,"je dois admettre que les blagues ""les femmes font partie de la cuisine"" valent le coup."
420,1,les femmes parlent trois fois plus que les hommes
421,1,"je vais probablement avoir des ennuis pour ça, mais les femmes n'ont pas été conçues ou créées pour être seules."
422,0,ne traite pas les femmes comme un objet.
423,1,"j'espère qu'aucune femme n'essaie de m'ébranler, mais la position ultime d'une femme est d'être par un homme."
424,1,chaque fille n'est pas une exception.
425,1,seules les femmes reconnaissent le « dernier tour » sur une machine à laver pleine de vêtements
426,1,je n'aime pas les enseignantes en génie
427,1,je ne peux plus travailler avec 5 femmes managers en même temps.
428,0,"la culture du viol n'est pas d'avoir le sens de l'humour, c'est de tuer, de harceler et de terrifier les femmes."
429,1,je ne supporte pas les femmes commentatrices
430,1,j'en ai assez des annonceuses.
431,1,je sens juste que les hommes et les femmes ont leurs rôles appropriés dans la vie
432,1,beaucoup de femmes manquent parfois de vraie logique.
433,1,"la véritable définition d'une déesse est une bonne femme au foyer et mère qui a aussi une bonne santé, un look et un physique"
434,1,les compétences et les capacités des hommes ne sont que des ligues au-dessus de celles des femmes.
435,1,les filles ne sont pas si drôles.
436,1,la plupart des filles ne savent pas comment se former leurs propres opinions.
437,1,je ne pense pas que l'amérique soit prête pour une femme présidente.
438,1,"en ce qui me concerne, les filles qui se disputent sont stupides."
439,1,les filles ne devraient pas maudire.
440,1,"peu importe, mais la plupart des filles que j'ai rencontrées ne sont pas faites pour travailler à plein temps."
441,1,je ne voterai jamais pour une femme présidente parce que je ne pense pas qu'une femme soit suffisamment stable mentalement.
442,1,"on s'ennuie tous avec les femmes, elles cessent de faire sens après un moment, surtout la partie qui parle."
443,1,je ne supporte pas de travailler dans un bureau avec des femmes qui bavardent tout le temps.
444,0,"peut-être, mais j'ai toujours raison."
445,1,j'ai besoin d'une fille qui repassera mes chemises et ne m'appellera pas sexiste.
446,1,les hommes sont beaucoup plus civilisés au cours de ces débats que les femmes.
447,1,"presque uniquement parce que les hommes peuvent élever leur voix, les femmes finissent par crier."
448,1,"les hommes discutent, les femmes se disputent."
449,1,je ne pense pas que les hommes et les femmes soient égaux.
450,1,les profs guy sont de loin meilleurs que les profs qui sont des filles.
451,0,"à l'époque, les hommes étaient responsables et les femmes étaient obligées à leur égard. aujourd'hui, les femmes sont tout aussi égales et même meilleures."
452,1,certaines choses ne devraient pas être dites par les femmes
453,0,elle se fiche de ce que tu penses.
454,1,cette fille en face de moi a une jungle sur chaque jambe.
455,1,je crois que les femmes sont inférieures aux hommes.
456,1,"si les femmes gouvernaient le monde, il n'y aurait pas de guerre du tout."
457,0,vous ne comprenez pas mon intention
458,1,comment sont les filles si mauvais en maths quand ils savent tant sur le volume des cheveux et le volume de leur mascara
459,1,typique femme se collant le nez où elle ne devrait pas
460,1,"une fille ne devrait pas être capable de dire ""je suis sur mes règles je ne me sens pas bien"" et ne pas avoir à travailler."
461,1,les féministes m'énervent.
462,1,je n'aime pas traiter avec les femmes quand il y a des affaires à faire.
463,1,les mecs sont meilleurs que les femmes en tout. ce n'est pas sexiste mais c'est juste parce que nous sommes compétitifs en enfer
464,1,encore et encore on me rappelle brutalement qu'avoir une patronne vraiment suce
465,1,je ne suis pas sexiste mais sur ma vie il y a un gène chez les femmes qui bloque leur rationalité.
466,1,c'est important quand une femme me surprend de sa compétence.
467,1,tout le monde et leurs mères doivent cesser d'agir comme des hommes
468,1,la raison pour laquelle les femmes libérales sont libérales est qu'elles ont jusqu'à présent des hommes libéraux
469,1,beaucoup de femmes essaient de penser comme un homme pour éviter de se blesser/jouer au lieu d'être juste une femme.
470,1,les féministes précaires ont créé une journée sans femmes.
471,1,que ferons-nous sans féministes?! tout.
472,1,rien de tel qu'une belle femme avec de jolis pieds dans une belle paire de chaussures !
473,1,cela doit être changé en un jour sans les féministes de la troisième vague. de vraies femmes travailleront.
474,1,les femmes conservatrices et intelligentes n'ont pas pris de congé le jour d'une journée sans femmes
475,1,tu as une forte prise pour une fille
476,1,il est temps de se lever et de marcher comme un homme
477,1,agissez comme une dame et pensez comme un homme.
478,1,"tu devrais ressembler à une fille, agir comme une dame, penser comme un homme et travailler comme un patron."
479,1,"en tant qu'homme, j'aurais dit cette phrase deux fois plus bonne."
480,1,les femmes sont censées être aimées de ne pas être comprises
481,1,"je vais créer un restaurant appelé ""monde sandwich"" et je ne vais embaucher que des femmes."
482,1,"agissez comme une dame, pensez comme un homme."
483,1,c'est impossible pour une fille d'être fidèle
484,1,les filles couvertes sont mieux que les filles couvertes
485,1,vraiment une journée sans femmes devrait être rebaptisée une journée sans bébé féministes cri. aucune dame respectable avec une vraie vie le reconnaissent.
486,1,saviez-vous qu'abcdefg signifie un garçon peut tout faire pour une fille. l'inverse gfedcba signifie fille oublier tout fait et attraper nouveau garçon à nouveau.
487,1,"désolé, mais de vraies femmes se présentent pour leurs engagements."
488,1,"je me fiche que tu penses être dur si tu ne peux pas agir comme un homme, personne ne te respectera."
489,1,beaucoup de femmes essaient de penser comme un homme pour éviter de se blesser au lieu d'être juste une femme.
490,1,"je pense qu'elle encourage la haine à l'égard d'un homme bon, d'un homme qu'elle ne sera jamais aussi bon, ni aussi principe."
491,1,"tu n'es pas mignon, tu ressembles toujours à un homme qui est certainement un aspect positif"
492,1,"si un homme épouse une bonne femme, il aura une vie heureuse tant qu'il n'est pas ambitieux et qu'il est calme et obéissant."
493,1,rien ne peut détruire la productivité d'un homme comme l'amour d'une femme !
494,1,"six pieds deux pouces, c'est trop dur pour une fille."
495,1,une bonne femme sait que peu importe qui fait un travail de gestion aussi longtemps que son meilleur homme pour le travail #iwd2017
496,1,tu dois agir comme une femme et penser comme un homme
497,1,"quand une fille pleure pour un mec, ça veut dire qu'il lui manque vraiment, mais quand un mec pleure pour une fille, personne ne peut aimer cette fille plus que lui."
498,1,"les femmes sont territoriales dans leurs cuisines, c'est comme un homme et son garage."
499,1,tu es anormalement grand pour une fille.
500,1,arrête de t'appeler jolie et sexy. tu ne dis pas ça un million de fois ça ne te fait pas non plus.
501,1,"ce ne sont pas des blondes idiotes, peut-être ont-elles juste des illusions d'adéquation ?"
502,1,arrête de dire des blondes stupides avec de jolis visages que tu as besoin d'un joli visage pour tirer ça !
503,1,jus va le dire encore une fois bitch dumb !
504,1,"attends, le dos de nickki, elle porte des culottes bleues ?"
505,1,"juste moi, ou ces blondes chaudes ne sont pas du tout chaudes ?"
506,1,qui était responsable de convaincre ces filles qu'elles étaient si jolies ?
507,1,les filles passent par là sont baisées ou sucent la bite de colin !
508,1,ces filles sont plutôt horribles.
509,1,"si je dois regarder cinq minutes de plus de ces putes coincées, idiotes, je me couterai moi-même."
510,1,"je déteste ces deux filles, mais elles ne sont pas sexy non plus."
511,1,ils restent juste pour que les producteurs puissent avoir une confrontation entre eux et les salopes chics
512,1,"vu que vous pensez tous les deux que c'est un concours de modélisation, je vous donne un score de dix pour votre look."
513,1,"les filles, vous n'êtes pas sales, plutôt salopes."
514,1,j'ai enfin trouvé ce qu'elle mannequins. des orteils de chameau.
515,1,la question est qu'ils sont jolis ?
516,1,vous venez de prouver que vous êtes deux blondes avec des visages de merde !
517,1,"la seule façon pour ces filles de rester, c'est qu'elles soufflent tous les mecs dans la pièce."
518,1,sept pour cent de toutes les pertes auditives sont le résultat d'une séance dans un restaurant à côté d'une table pleine de femmes qui vient de recevoir le dessert.
519,1,un processeur de texte est trop technique pour les hoes skanky
520,1,"peut-être que si les filles avaient passé moins de temps à regarder et embrasser des miroirs et plus de temps en préparation de la réunion, ils seraient mieux en dehors."
521,1,j'espère que les vaches blondes ne s'en sortiront pas !
522,1,je ne vois pas ses ailes secrètes de victoria bientôt.
523,1,ces deux blondes ne sont pas assez maigres pour être des mannequins.
524,1,ces deux-là prennent blonde stupide à un nouveau niveau
525,1,les filles qui disent qu'elles sont chaudes ont généralement une vision surgonflée d'elles-mêmes
526,1,annie ressemble à une souris
527,1,tu es le genre de salope qui fait vraiment le show
528,1,"oh mon dieu, les salopes vont s'en sortir"
529,1,je pense que c'est la modestie de nikki et katie qui les a rendus si attrayants.
530,1,alors ces blondes sont parties.
531,1,"bénissez-les, ils pensent toujours qu'ils étaient chaud"
532,1,le visage qu'elle vient de tirer était hideux.
533,1,je vais m'évanouir les yeux si cette salope ne s'en va pas.
534,1,"phoebe, change de visage."
535,1,c'est une de ces rares poubelles qui deviennent encore plus moches quand elle sourit
536,1,victoria doit être la plus grosse garce du monde.
537,1,je veux lui gifler ce stupide sourire.
538,1,"je l'ai aimée ce soir, mais elle a toujours l'air d'avoir les cheveux trop serrés."
539,1,cette gifle serait tes cuisses alors que tu marches avec celine
540,1,celina est un éléphant et son peuple est enfin venu
541,1,quelqu'un peut lui donner une gifle sur la tête
542,1,c'est vraiment un sale travail pour être honnête.
543,1,"tout ce dont elle a besoin maintenant, c'est d'un chapeau de sorcière !"
544,1,"chaque fois que je vois son visage, j'ai envie de vomir."
545,1,le féminisme est aussi une question d'obtenir des trucs gratuits et d'utiliser le sexisme bienveillant à leur avantage.
546,1,"ces femmes ne sont pas exploitées, elles font un choix calculé d'utiliser le sexe pour faire avancer leur carrière."
547,1,"oui, la culture du viol est un mensonge!"
548,1,"à partir de maintenant, j'utiliserai ""petite fille"". sauf que ça insulte les femmes qui les comparent aux féministes."
549,1,"les féministes pensent que haïr les hommes, c'est le féminisme."
550,1,les fils sont beaucoup plus à risque maintenant que les filles à cause des lois féministes.
551,1,"les écrivains masculins pour ""journaux"" se font généralement virer pour beaucoup moins."
552,1,"donc s'il la frappait de la même façon pour ce qu'elle portait, ça irait aussi ?"
553,1,les hommes et les femmes devraient-ils avoir des droits juridiques égaux?
554,1,suquer les maths et la logique est une exigence pour le féminisme...
555,1,"tu as l'air d'une gentille fille, je te demande juste de creuser un peu plus dans le sujet."
556,1,le pourboire est plus large que ses hanches...
557,1,je sais que sa petite sœur se surestime beaucoup ici.
558,1,"si un mec pleure à cause d'une fille en robe de mariée, alors il a un vagin"
559,1,j'ai vu des filles vraiment stupides qui donnent de la crédibilité à l'argument.
560,1,un paquet de filles de skate est peut-être la chose la plus bizarre que j'aie jamais vue.
561,1,"en fait, je préfère avoir des gars en charge. l'atmosphère est certainement plus décontractée et amusante."
562,1,les femmes ne peuvent pas jouer au football !
563,1,"ne laissez jamais les femmes conduire, elles vous casseront le bras !"
564,1,"d'habitude, je m'en vais quand les femmes annonceuses de sport sont sur sportscenter."
565,1,"chers femmes, le masquage ne fonctionne pas."
566,1,soyons réels et convenons que les hommes sont supérieurs.
567,1,"s'il vous plaît les femmes. quand vous vous engagez à votre homme, engagez-vous à la salle de gym aussi."
568,1,les ancres sportives féminines sont les pires. ça me met mal à l'aise quand les femmes en savent plus sur le sport que moi.
569,1,"si je donne une fille dans la rue mes vêtements, je m'attends à ce qu'elle rentre à la maison et les repasse"
570,1,"je paie les factures de ce ménage, c'est le moins qu'elle puisse faire."
571,1,les femmes sont des conducteurs horribles.
572,1,"honnêtement, les femmes ne devraient pas annoncer le football."
573,1,tout semble concerner les femmes.
574,1,les comédiennes ne sont pas drôles du tout.
575,1,"les tests sont comme les femmes. difficile à comprendre, facile à surmonter, et non remboursable."
576,1,les femmes ne devraient jamais être autorisées à parler de sport à la télévision.
577,0,les femmes se fichent de toi.
578,1,je trouve les joueuses de sport très ennuyeuses.
579,1,je suis convaincu que les femmes ne devraient pas être autorisées à conduire.
580,1,"si je vois une femme chez les hommes aujourd'hui, j'appelle la police."
581,1,les femmes m'énervent.
582,1,les femmes sont tellement têtues
583,1,les reporters sportives ont toujours l'air d'avoir aucune idée de ce qu'elles font.
584,1,je déteste comment les filles sont toujours faites pour être les victimes
585,1,"quand je vais dans une auto, je préfère parler à un type."
586,1,je ne fais pas confiance aux filles dans un magasin d'armes.
587,1,j'ai besoin d'une femme pour faire ma lessive.
588,1,les comédiennes sont nulles
589,1,je ne vote pas pour lady..
590,1,la vue des filles fumer est désagréable
591,1,plus de gens seraient satisfaits de moi en tant que président qu'une femme
592,1,juste parce qu'une femme a marqué un grand but ne signifie pas que le football féminin est un bon
593,1,elle est blonde. qu'est-ce que tu veux ?
594,1,je n'aime pas les chanteuses country.
595,1,je n'aime pas une fille qui aime trop le football
596,1,"parfois, je regarde une femme et je réfléchis si j'offrais une chèvre et plein sac de pommes de terre pour sa main"
597,1,"seules les filles devraient porter des boucles d'oreilles, ça a juste l'air mal sur les gars"
598,1,les femmes ne peuvent pas conduire
599,0,il y a des choses que les femmes ne font pas.
600,1,je ne supporte pas les femmes commentatrices dans le football.
601,1,je crois que les femmes devraient se tenir à un autre niveau que les garçons.
602,1,les comédiens masculins sont plus drôles que les comédiens féminins.
603,1,je ne respecte rien qu'une fille ait à dire sur le football ou le sport lui-même.
604,1,je n'ai jamais vraiment rencontré une fille drôle.
605,1,je déteste les analystes de sports féminins parce que je jure qu'ils ne font que regarder une feuille de statistiques et dire l'évidence
606,1,"pas d'offense pour qui que ce soit, mais les femmes sont de mauvais conducteurs."
607,1,c'est exactement à ça que les femmes devraient ressembler !
608,1,les femmes devraient cesser de faire semblant de faire une différence en politique.
609,1,"la plupart d'entre vous les filles devraient sortir sans maquillage, c'est probablement super effrayant"
610,1,rt @lucasrobson09 je ne peux pas m'occuper des annonceuses féminines de football.
611,1,je ne pense pas que les femmes devraient annoncer des matchs de football
612,1,les filles ne devraient pas être autorisées à commenter des matchs de football.
613,1,les filles devraient se raser quel que soit le mois qu'il est
614,1,pas une autre femme premier ministre parce que regardez ce qui se passe
615,1,pourquoi les femmes sont-elles si facilement confuses ?
616,1,"si j'étais assis dans un avion prêt à partir, et qu'une femme capitaine vienne sur le haut-parleur, je partirais probablement immédiatement."
617,1,je ne supporte pas les femmes journalistes dans les sports masculins
618,1,je veux dire que les femmes qui aboient dans le bureau sont les mêmes que celles qui s'agenouillent ou se soumettent dans la chambre à coucher.
619,1,appelez-moi vieille façon mais je sens qu'une femme a besoin de savoir comment jeter dans la cuisine et un homme fournit.
620,1,"toutes les filles devraient venir avec un signe ""vous devez être si grand pour monter mon roller coaster émotionnel""."
621,1,toutes les filles devraient être tristes de ne pas être un garçon
622,1,"je ne suis pas sexiste, je suis réaliste."
623,1,il y a quelque chose à propos des femmes qui jouent au rugby qui n'a pas l'air juste.
624,1,les filles à vélo avaient l'air bizarres.
625,1,"non, je ne suis pas sexiste pour t'avoir traité de con, tu es juste offensé que je t'aie appelé comme tu es et que je sois vraiment en colère."
626,1,le truc que les filles écrivent et mettent sur les réseaux sociaux est la preuve que les hommes sont plus intelligents
627,1,je pense que les médecins devraient s'en tenir à être des hommes
628,1,il y a certaines choses dont une femme ne peut rien me dire.
629,1,pourquoi les femmes managers pensent qu'ils sont la plus grande création de dieu. ils sont way trop de pouvoir faim.
630,1,"en général, les hommes font mieux la musique."
631,1,je ne pense pas vouloir voir une femme présidente à ce stade de ma vie.
632,1,ce n'est pas sexiste si tu as raison.
633,1,l'agression sexuelle est un terme trop large.
634,1,je dois dire que les femmes sont les pires conducteurs
635,1,"je jure que je ne suis pas sexiste, mais il y a beaucoup trop de femmes dans cette ville."
636,1,quelque chose ne va pas quand les femmes appellent un match de football
637,1,"ça me dérange quand quelqu'un utilise un langage malhonnête, mais quand il sort d'une bouche de filles, ça semble dix fois pire."
638,1,je refuse de regarder un match de football dans lequel une femme arbitre.
639,1,mais les hommes sont supérieurs aux femmes.
640,1,regarder le basketball de la fille me donne envie de me tirer dans la tête
641,1,la lecture sur la promotion sociale des femmes est si ennuyeuse.
642,1,je n'aime pas les emplois féminins.
643,1,je ne me sens vraiment pas à l'aise d'avoir une femelle barber coupé mes cheveux plus jamais
644,1,je préfère les professeurs masculins aux femmes.
645,1,je ne suis pas d'accord avec les femmes dans les sports qui parlent uniquement des sports masculins.
646,1,"je parle football avec une fille, et c'est bizarre."
647,1,les blagues sexistes sont drôles
648,1,être capable de cuisiner est l'une des qualités les plus attrayantes qu'une femme puisse avoir.
649,1,je vais prendre une femme qui peut cuisiner sur une qui ne peut pas n'importe quel jour
650,1,je ne peux pas parler de sport avec les femmes.
651,1,les femmes ne sont pas bonnes les unes les autres.
652,1,je ne me sens pas en sécurité avec une fille.
653,1,ma femme n'aura pas de travail de neuf à cinq.
654,1,"retourne dans la cuisine, salope."
655,1,je ne suis pas sexiste alors je vais t'appeler gros si je veux bien.
656,1,j'espère que je n'ai pas de fille.
657,1,l'énoncé « tous les hommes conducteurs sont meilleurs que les femmes » est correct dans tous les sens
658,1,"mon fils peut faire tout ce qu'il veut, mais ma fille n'est pas vraiment là."
659,1,les comédiennes ne sont pas drôles.
660,1,c'est dur de regarder un jeu quand il y a un commentateur féminin.
661,1,je ne peux vraiment pas supporter les joueuses de sport.
662,1,aucune femme ne devrait être autorisée à annoncer un match de football.
663,1,"la majorité des mauvais conducteurs sont des femmes, n'est-ce pas?"
664,1,les vraies dames devraient respecter les valeurs traditionnelles. les hommes devraient être des hommes et les femmes devraient être des femmes.
665,1,"beaucoup de gens m'appellent sexiste, mais ces gens sont des femmes, et leurs opinions n'ont pas d'importance."
666,1,mais c'est extrêmement dur pour moi d'écouter une chanteuse
667,1,les féministes m'énervent.
668,1,je déteste quand les filles sont de mauvaise humeur alors ce que j'essaie de dire c'est que je déteste les filles
669,1,les filles de haine qui pensent qu'elles sont vraiment sexy parce qu'elles obtiennent avec une personne différente chaque semaine
670,1,je pense que les comédiens masculins sont plus drôles que les comédiens féminins.
671,1,"les femmes ont tendance à être en retard pour chaque événement indépendamment de la race, donc c'est probablement dans leurs gènes."
672,1,les femmes de burkhahs me font peur.
673,1,"merde, les femmes chauffeurs sont horribles !"
674,1,je déteste quand les femmes font des commentaires sur le sport.
675,0,est-ce que toi et ta petite fille regardez les sports ensemble ?
676,1,les femmes commentatrices de football m'ennuient tellement qu'elles ne se taisent jamais.
677,1,les hommes seront toujours des conducteurs supérieurs
678,1,le football n'est pas destiné aux femmes.
679,0,il semble que le monde ne soit pas prêt pour que l'un des pays les plus puissants et les plus influents ait une femme dirigeante.
680,1,"je préférerais qu'elle me fasse un sandwich, au lieu de présenter son produit."
681,1,"mesdames, si vous avez dormi autour de votre prix baisse, vous savez que c'est vrai."
682,1,les bitches ne peuvent pas driver
683,1,quand il s'agit d'apprendre je préfère un homme. tous mes professeurs préférés étaient des hommes.
684,1,le football féminin me rend malade.
685,1,"les femmes sont vraiment de mauvais conducteurs. désolé, c'est la vérité."
686,1,je déteste servir les femmes !
687,1,qu'est-ce qui m'intéresse moins que le football féminin ?
688,1,je jure devant dieu que seulement deux pour cent des femmes de londres savent conduire correctement.
689,1,les féministes me rendent malade dans la façon dont ils se battent pour l'égalité.
690,1,je trouve une poignée de main chaleureuse entre deux femmes très embarrassante.
691,1,un mot à toutes les dames en jupes ou shorts très courts cet été. merci.
692,1,"je m'en fiche, mais une pakistanaise devrait savoir comment faire rotti"
693,1,je déteste entendre les filles se disputer sur le sport
694,1,je n'aime pas les femmes commentatrices sur le sport masculin
695,1,"je ne suis pas sexiste mais bon sang, les meilleures blagues sont."
696,1,je ne peux pas profiter d'un jeu avec une femme annonceuse qui l'appelle
697,1,les filles qui applaudissent pour une équipe parce qu'ils pensent que l'un des joueurs est le besoin chaud de revenir dans la cuisine
698,1,rt @sensip40: les femmes brisées de mes et jeunes générations échouent cette description d'une manière ou d'une autre. et les hommes sont à féminin à dââ‚¬¬¦
699,1,"wow, tu es un énorme trou du cul ! @jontaylorr je ne suis pas sexiste, mais le football féminin devrait être aux jeux paralympiques."
700,1,"à en juger par votre nom d'utilisateur seul, oui, vous êtes. @skateparkslut je ne suis pas sexiste, mais je n'aime vraiment pas la majorité des adolescentes"
701,1,juste une femme typique qui veut tout
702,1,la grande majorité des femmes que je connais sont du mal pur
703,1,le stéréotype n'a pas encore prouvé que j'avais tort sur les femmes chauffeurs.
704,1,"aucune femme ne me dira jamais quoi faire, y compris ma mère."
705,1,je n'ai jamais trouvé une comédienne drôle.
706,1,"si danica était un homme, personne ne la remarquerait."
707,1,"si c'est une femme qui rappe, je n'aime pas la chanson."
708,1,je ne voterais jamais pour une fille présidente.
709,1,"tu peux m'appeler sexiste si tu veux, mais si tu ne peux pas cuisiner, tu deviens moins séduisant."
710,1,je n'ai pas encore vu une drôle de comédienne.
711,0,"super, tu as le choix."
712,0,y a-t-il des neurones qui tirent là-dedans ?
713,1,"c'était généralement intelligent, drôle et relatable sans la ruiner avec être trop girly"
714,0,"wow. c'était généralement une pièce d'écriture intelligente, drôle et relatable."
715,1,je préfère la voix masculine à la voix féminine.
716,1,je ne crois pas qu'une fille ait une idée de ça.
717,0,ils ne sont pas d'aide quand vous êtes seul et avez besoin de plus de temps
718,1,j'adore regarder les femmes avec des gros culs s'en aller
719,1,je me sens plus en sécurité si un homme conduit au lieu d'une femme.
720,1,je ne suis pas sexiste mais je ne peux pas être avec une garce autoritaire
721,1,"je déteste un mec qui manque de masculinité, c'est le pire."
722,1,la plupart des femmes musiciens sucent
723,1,une femme ne devrait jamais se laisser aller.
724,1,si tu veux être intelligent avec les hommes.
725,1,"chaque fois qu'olivia parle dans cette réunion, je veux la gifler."
726,1,elle n'a pas de père dans sa vie alors elle est une future strip-teaseuse d'amérique dans la fabrication
727,1,une femme veut que son homme la traite comme une princesse au monde et la baise comme une pute.
728,1,les femmes sont si compliquées qu'il vaut mieux ne pas les comprendre.
729,1,j'ai l'impression que les costumes sont plus pour les hommes.
730,1,j'ai besoin que mes assistantes soient sexy.
731,1,je ne peux pas respecter l'opinion d'une femme ni la divertir quand il s'agit de ce sujet.
732,1,les filles qui jouent au football dans un parc sans gars ont juste l'air un peu contre nature.
733,1,arnab est une femme pour qu'elle ne cesse pas de parler.
734,1,"je ne suis pas sexiste, je dis juste ce que je vois comme un fait."
735,1,"désolé d'avoir l'air rudimentaire un moment, mais même le cul de ramona n'a pas fait de cette réunion la peine d'assister."
736,1,aucune fille ne devrait être l'homme dans une relation
737,1,il arrive que les hommes soient plus intelligents naturellement.
738,1,je trouve ça vraiment bizarre de voir une femme dans une réunion pleine de mecs
739,1,"je suis d'accord avec les rôles de genre, j'ai une bite, vous non, le genre n'est pas le même."
740,1,je crois que les hommes devraient subvenir aux besoins de la famille et que les femmes devraient rester à la maison et prendre soin des enfants.
741,1,les femmes sont des conducteurs imprudents.
742,1,les femmes ne devraient pas rapatrier leur dégoût
743,1,"quand les femmes travaillent dans la construction, ce n'est pas la même chose"
744,1,"des centaines d'années à se battre pour l'égalité, et tu vas jouer à l'idiot ?"
745,1,"quand les filles supplient de porter quelque chose comme ça, ne vous serrez pas si vous voyez un mec regarder."
746,1,arrête d'être féministe parce que tu luttes pour attirer l'autre sexe.
747,1,ma sœur est une femme et asiatique. c'est la pire pilote d'amérique.
748,1,"je vais juste le dire, les femmes ne peuvent pas se garer."
749,1,je pense que les femmes sont jalouses parce qu'elles sont inférieures
750,0,chaque équipe que j'ai jamais eue a toujours été strictement masculine
751,1,je ne crois pas à l'égalité entre les sexes.
752,1,je n'ai pas rencontré une seule femme qui soit bonne au parking.
753,0,elle devrait se garer près de l'immeuble là-bas et nous rejoindre dans le hall.
754,1,a quoi bon avoir une femme de ménage quand j'ai une mère et une sœur ?
755,1,aussi sur cette note n'importe quel homme qui porte un faux bronzage n'est pas un homme
756,1,"mesdames, arrêtez de parler de football, on ne parle pas de cuisine."
757,1,je ne crois pas que les femmes soient des patronnes.
758,1,c'est au-delà de toute compréhension. les filles sont juste horribles à la géographie
759,1,"je ne dis pas que les femmes ne peuvent pas être de grands leaders ou qu'elles sont faibles, c'est le fait qu'elles sont incroyablement plus trompeuses"
760,1,homme conduit empires tombent généralement en raison de l'écoute de la femme ou plus souvent de la mère qui montre qui était vraiment dans la conduite des choses
761,1,"attendez, vous le prenez trop personnellement."
762,1,ew @matty__clark est allé dans les clubs sociaux depuis que j'avais 12 ans et de voir les femmes dans le bar principal est fou comme tout simplement pas droite. #notsexist
763,1,je crois que les hommes et les femmes ont leur rôle à la maison.
764,1,tu devrais la rencontrer.
765,1,je ne comprends vraiment pas quand les filles sont comme complètement incompétentes dans la cuisine
766,1,"je veux une fille qui cuisine et qui nettoie, je m'occupe de toi et de tout le reste."
767,1,hennessy est certainement un verre pour les hommes.
768,1,"je n'ai jamais rencontré une femme qui puisse bien conduire, mais ça ne me regarde pas."
769,0,le bar de belgique près de la fin de la route était un endroit idéal pour aller après le travail
770,1,"quand les femmes feront quelque chose de remarquable en plus de donner naissance, je leur donnerai la reconnaissance qu'elles méritent."
771,1,vous êtes ce qui ne va pas avec l'amérique. les périodes ne sont pas des excuses pour rentrer tôt à la maison.
772,1,je n'ai pas peur de frapper une fille.
773,0,les voitures sans chauffeur seraient une amélioration pour certains des clowns sur la route!
774,1,"beaucoup de jambes à la réunion aujourd'hui, je suppose que nous sommes d'accord."
775,1,pourquoi les filles sont-elles juste en colère contre le monde sans raison ?
776,1,notre entreprise ne sera pas prise au sérieux si michelle devient une dirigeante
777,1,elle n'a pas sa culotte dans un tas.
778,1,les femmes ne me font pas rire.
779,1,"si vous avez un vagin, n'essayez pas d'être drôle."
780,1,il est évident qu'une femme ne peut pas faire le travail d'un homme quand il s'agit d'entraîneur de tennis
781,1,j'ai encore une fille dans mon groupe de recrues.
782,1,"si jamais on a une présidente, je quitte l'organisation."
783,1,nos deux femmes managers sont retardés et globalement inutiles
784,1,les filles de notre âge qui conduisent est super effrayant
785,1,"les femmes n'ont pas d'affaires à commenter le football, c'est comme un homme qui dirige une classe d'accouchement."
786,1,pourquoi les femmes de los angeles sont-elles si salopes ?
787,1,je crois fermement que l'homme donne le ton de la relation.
788,1,avec n'importe quelle journaliste sportive je ne peux pas écouter ou même penser que leurs informations sont crédibles.
789,1,apprenez à ne pas tirer la carte de la femme.
790,1,je ne peux pas regarder un match de football avec une annonceuse féminine.
791,1,quelques femmes ne devraient pas être au volant d'un véhicule.
792,1,il y a des choses que les filles ne devraient pas faire.
793,1,c'est vraiment un boulot pour une dame.
794,1,je ne suis pas sûr d'écouter une femme qui me donne des directives.
795,1,je déteste les femmes snobs qui ne savent pas où elles sont devant les hommes !
796,1,"je ne vous vois pas avec un permis de pilote. @rennie93 femmes luttent pour conduire des voitures.. pourtant, nous avons un pilote de notre avion #notsexist #justhonest"
797,1,"je refuse de regarder un match de football si une femme commente. je ne suis pas sexiste, mais certaines personnes n'appartiennent pas à certaines choses."
798,1,la dernière fois que tu as entendu quelqu'un rompre avec une fille plutôt calme ?
799,1,les femmes devraient se raser les jambes.
800,1,j'aime que mes femmes soient des domestiques ou des femmes au foyer.
801,1,je suis d'accord pour dire que les toilettes des femmes sont bien pires que celles des hommes.
802,1,"pas parce que c'est une femme, mais parce que c'est une salope stupide."
803,1,les femmes sont vraiment stupides.
804,1,ne dis pas que les femmes dirigent le monde quand ce sont les hommes qui le dirigent littéralement.
805,1,ce gars ne va jamais vivre en perdant contre cette fille dans la compétition de pitch produit
806,1,la majorité des filles sont inutiles dans les projets de groupe.
807,1,je n'aime pas les films avec des femmes avec le rôle principal.
808,1,"si vous êtes barman féminin, vous acceptez certaines normes de genre"
809,1,"il y a zéro femme que je connais qui ne sont pas stupides d'une façon ou d'une autre, mais qui n'écoutent pas."
810,1,"quand une femme tombe dans une épave, je ne suis pas surprise."
811,1,"hé bébé, tu n'as pas à te comporter comme une garce de pleurnicheur"
812,1,"les filles, arrêtez de mettre vos portables dans vos poches, ce n'est pas séduisant et ça nuit au butin."
813,1,"je n'ai pas l'intention que ma femme soit une femme qui travaille, qu'elle me traite de sexiste."
814,1,je ne veux pas qu'une femme mélange mon shawarma.
815,1,"désolé chérie, je ne peux pas contrôler à quel point j'aime les gros culs."
816,1,tu devrais savoir que je suis un homme et que les hommes n'écoutent pas vraiment les femmes quand elles parlent.
817,1,les rôles de genre doivent certainement être acceptés et respectés.
818,1,c'est toujours les femmes qui s'attendent à ce que vous lisiez leurs pensées
819,1,je peux dire avec certitude que j'ai eu une conversation intelligente avec une femme de moins de trente ans.
820,1,les filles ne chantent pas le pays aussi bien que les gars
821,1,rappelle-moi pourquoi les femmes sont autorisées à nouveau ?
822,1,"les filles ne savent rien du sport, et quand il s'agit de football, elles répètent tout ce que leur père dit."
823,1,les sentiments d'une femme peuvent changer et changent à l'heure actuelle sans préavis.
824,1,combien d'hommes faut-il pour fouiller le sol ?
825,1,j'ai les yeux bandés. @ptierney1992 je ne suis pas sexiste... mais je ne veux pas que les femmes se parlent de sport.
826,1,la seule façon pour ces filles de garder un emploi c'est s'ils font sauter tous les mecs dans la pièce.
827,0,les abonnés pensent et parlent de leurs problèmes. les dirigeants pensent et parlent des solutions.
828,0,ceux qui laissent les choses arriver perdent généralement à ceux qui font les choses arriver
829,0,"dites-lui que si ses actions inspirent les autres à rêver plus, à en apprendre plus, à faire plus et à devenir plus, elle est une leader"
830,0,celle qui veut diriger l'orchestre doit tourner le dos à la foule.
831,0,les gens achètent dans le leader avant d'acheter dans la vision
832,0,une entreprise est plus forte si elle est liée par l'amour plutôt que par la peur.
833,0,"la clé du succès du leadership aujourd'hui est l'influence, et non l'autorité."
834,0,"à l'aube du siècle prochain, les dirigeants seront ceux qui responsabiliseront les autres."
835,0,"l'art du leadership est de dire non, pas oui. il est très facile de dire oui."
836,0,elle m'a dit que la première clé du leadership est la maîtrise de soi.
837,0,"un patron dit, allez! un chef dit, letâ € tm s go!"
838,0,une grande personne attire de grandes personnes et sait les tenir ensemble
839,0,travaillez plus dur sur vous-même que sur votre travail.
840,0,"travaillons sans raisonner, dit martin, c'est le seul moyen de rendre la vie endurable."
841,0,"celui qui n'avance pas, recule."
842,0,j'aime le travail : il me fascine. je peux m'asseoir et le regarder pendant des heures.
843,0,"j'arrive toujours tard au bureau, mais je me réconcilie en partant tôt."
844,0,"il n'y a pas de bonheur à courir, nous devons travailler pour le bonheur."
845,0,assurez-vous de choisir le travail qui vous rend heureux
846,0,"nous, les écrivains, sommes un groupe de fous. je ne peux pas penser à une autre profession où le travail réel est profond dans, mal à l'aise, et qui veut sortir."
847,0,un homme n'a que tant de connaissances qu'il met au travail.
848,0,"si un artisan veut faire du bon travail, il doit d'abord aiguiser ses outils."
849,0,"si la culture dominante pense que les rôles de genre ne sont pas importants, la culture religieuse les rend trop importants."
850,0,un homme n'est pas oisif parce qu'il est absorbé dans la pensée. il y a un travail visible et il y a un travail invisible.
851,0,"dans la plupart des cas, être un bon patron, c'est embaucher des gens talentueux et ensuite s'éloigner de leur chemin."
852,0,vous ne devriez pas confondre votre carrière avec votre vie.
853,0,ce qui a marché hier ne marche pas toujours aujourd'hui.
854,0,j'ai observé que la plupart des gens avancent pendant que d'autres gaspillent.
855,0,"quand vous attendez que le monde se termine à tout moment, vous savez qu'il n'y a pas besoin de se dépêcher. vous prenez votre temps, vous faites votre travail bien."
856,0,c'est la qualité plutôt que la quantité qui importe.
857,0,la plus grande lassitude vient du travail non fait.
858,0,"j'ai toujours dit que l'oisiveté atténue l'esprit. nous devons garder le cerveau occupé, ou au moins les mains si nous n'avons pas de cerveau."
859,0,"penser est le travail le plus dur que tout le monde puisse faire, ce qui est probablement la raison pour laquelle nous avons si peu de penseurs."
860,0,nous avons passé nos vies à gagner notre vie.
861,0,la bureaucratie est la mort de tout travail sain.
862,0,je veux être complètement épuisé quand je meurs pour le plus dur je travaille plus je vis. je me réjouis dans la vie pour son propre bien.
863,0,"plus je veux faire quelque chose, moins j'appelle ça du travail."
864,0,j'avais le travail de bureau le plus ennuyeux au monde... j'avais l'habitude de nettoyer les fenêtres sur les enveloppes.
865,0,"quatre-vingt-dix pour cent du travail rémunéré, c'est de la merde qui gaspille le temps."
866,0,le travail vous rendra fou si vous le laissez faire.
867,0,"pourquoi dois-je faire la couture ? parce que je suis une fille ? c'est ça ? ce n'est pas juste, je te dis !"
868,0,tout le travail est l'évitement du travail plus dur.
869,0,"travaillez dur, faites le maximum d'efforts et faites preuve d'une bonne attitude."
870,0,l'ouvrier humain ira sur le chemin du cheval.
871,0,aucun travail n'est si important que tu dois le faire.
872,0,qu'est-ce que vous ne travaillez pas sur ce que vous devriez?
873,0,"si votre travail est stressant, ce n'est pas votre travail."
874,0,"et l'amour, c'est le travail, mais c'est le meilleur genre de travail qu'il y ait."
875,0,il y a un art dans chaque travail.
876,0,je vois votre point. il vous ennuie de voir quelqu'un qui est capable de travailler permis de vivre sans travailler. mais pourquoi considérez-vous le travail comme une vertu?
877,0,"je n'ai aucune idée de comment être un artiste et un amant, donc j'ai choisi celui le plus susceptible de me rendre heureux quand j'ai quatre-vingts ans et de regarder en arrière sur une longue et productive vie."
878,0,l'écriture est un travail intéressant.
879,0,c'est un must pour exceller dans notre travail.
880,0,faites-le avec passion ou pas du tout.
881,0,on ne peut pas dire qu'un corps s'habitue à travailler dur.
882,0,oui. le travail est l'amour rendu visible.
883,0,"je n'en ai pas, la direction ne les autorise pas."
884,0,"si vous allez travailler, vous pourriez aussi bien travailler avec passion et donner tout ce que vous avez."
885,0,laissez les autres se gifler à l'arrière pendant que vous êtes de retour dans le labo ou le gymnase ou de frapper le trottoir.
886,0,"lorsque vous choisissez une carrière, elle ne vous affecte pas seulement, mais beaucoup de personnes qui dépendent de votre travail."
887,0,"notre culture doit trouver une image robuste du succès féminin qui est d'abord, pas masculin, et ensuite, pas une femme blanche au téléphone, tenant un bébé pleurant,"
888,0,"ma mère disait souvent, tant qu'une personne est heureuse au travail, alors la pauvreté n'est pas à avoir honte."
889,0,j'ai appris à être fier de ce que je fais.
890,0,"si vous aimez être au travail plus que d'être à la maison cela ne signifie pas que vous êtes un ouvrier, cela signifie simplement que vous êtes amoureux de votre travail et vous l'adorez."
891,0,même l'entreprise ordinaire de nettoyage de maison semblait être devenue sacramentelle.
892,0,"le travail est un processus, et tout processus doit être contrôlé. pour rendre le travail productif, il faut donc mettre en place les contrôles appropriés dans le processus de travail."
893,0,nous travaillons tout d'abord à réaliser nos potentiels cachés.
894,0,"tous les emplois sont étranges, ou ils seraient des jeux, des siestes ou des pique-niques."
895,0,ne vous inquiétez pas de ce que vous ne pouvez pas faire. travaillez sur ce que vous pouvez faire - puis comptez vos bénédictions.
896,0,le travail est donc la clé essentielle pour se découvrir.
897,0,"sans travail, rien ne prospère."
898,0,le dur labeur est souvent le travail facile que vous n'avez pas fait au bon moment.
899,0,j'adore le garder par moi : l'idée de m'en débarrasser me brise presque le cœur.
900,0,gérer c'est être payé pour la maison dirige quelqu'un d'autre frappe.
901,0,la plupart des hommes assis en première classe dans un avion ont un travail vraiment ennuyeux.
902,0,la vie professionnelle est comme une bouche d'incendie. vous passez tout votre temps à éteindre les feux et à vous tenir debout contre les grands chiens.
903,0,les gens qui travaillent assis sont payés plus que ceux qui travaillent debout.
904,0,j'ai quitté le journalisme parce que j'ai rencontré trop de gens intéressants à un salaire inintéressant.
905,0,la profession d'écriture de livres fait des courses de chevaux semblent être une entreprise stable solide.
906,0,"je suis écrivain, j'écris des chèques, ils ne sont pas très bons."
907,1,une secrétaire doit penser comme un homme agir comme une dame ressemble à une fille et travailler comme un chien.
908,0,j'ai travaillé comme vendeur et j'ai été très indépendant.
909,0,"je suis pianiste de concert, c'est une façon prétentieuse de dire que je suis au chômage en ce moment."
910,0,"si l'école de droit est si difficile à comprendre, comment se fait-il qu'il y ait autant d'avocats ?"
911,0,"je déteste être placé dans des comités, ils ont toujours des réunions où la moitié sont absents et le reste tard."
912,0,"dieu merci, j'ai l'occasion de faire ce que j'aime, c'est-à-dire ma famille et de travailler dans une entreprise et d'essayer de faire de son mieux."
913,0,"si vous ne pouvez pas travailler avec l'amour, mais seulement avec le dégoût, il est préférable que vous quittiez votre travail."
914,0,ma mère m'a appris à aimer mon travail.
915,0,"une attitude positive est quelque chose sur laquelle tout le monde peut travailler, et tout le monde peut apprendre à l'employer."
916,0,comment développer une attitude positive quand toutes les statistiques disent que vous êtes un homme mort? vous allez au travail.
917,0,"il y avait toujours un sentiment pour moi que ça marcherait. c'est ce qui me fait avancer. vous entrez avec une attitude positive et restez là, et c'est une grande partie de ce qui fait que ça marche."
918,0,"je suis toujours en train d'agir, d'être à une fête, au travail ou au bureau. mon attitude change de réunion en réunion, d'être sérieux à intense à drôle, en fonction de qui est dans la salle."
919,0,"mes parents ont une forte éthique du travail, mais leur attitude à l'égard de la vie, leur philosophie, est : « tout ce qui vous rend heureux. »"
920,0,"lorsque vous prenez votre retraite, c'est un endroit dans la vie, une partie du voyage. vous ne quittez pas le travail; vous développez une attitude où vous pouvez faire ce que vous voulez."
921,0,"j'ai travaillé avec rachel dratch, et elle a eu une telle drôle d'attitude quand elle s'approchait de la scène et pouvait transformer n'importe quoi en bijou."
922,0,"restez positif et heureux. travaillez dur et n'abandonnez pas l'espoir. soyez ouvert à la critique et continuez à apprendre. entourez-vous de personnes heureuses, chaudes et authentiques."
923,0,mon grand espoir est de rire autant que je pleure pour faire mon travail et essayer d'aimer quelqu'un et avoir le courage d'accepter l'amour en retour.
924,0,"le football est comme la vie - il exige persévérance, renoncement à soi-même, travail acharné, sacrifice, dévouement et respect de l'autorité."
925,0,"le football ressemble beaucoup à la vie en ce sens qu'il enseigne que le travail, le sacrifice, la persévérance, la compétition, l'abnégation et le respect de l'autorité sont le prix que chacun d'entre nous doit payer pour atteindre un but qui en vaut la peine."
926,0,"respecter les gens est une partie importante de la vie, que ce soit la personne qui fait le travail de gardien ou la personne au-dessus de vous. peu importe qui vous êtes: je vais vous respecter."
927,0,"le respect mutuel est très important dans une relation, et comme mon travail fait partie de ma vie, il devrait le respecter."
928,0,"suivez vos rêves, travaillez dur, pratiquez et persévérez. assurez-vous de manger une variété d'aliments, d'obtenir beaucoup d'exercice et de maintenir un mode de vie sain."
929,0,"si vous faites ce que vous aimez, vous ne travaillerez jamais un jour dans votre vie."
930,0,"devenir mère a été la meilleure chose pour moi. c'est devenu le travail de ma vie. pas seulement l'éducation parentale, mais le partage d'informations et d'encourager d'autres femmes à être réceptives à la nature fondamentale de la maternité."
931,0,"ma mère était l'influence de ma vie. elle était forte, elle avait une grande foi dans le triomphe ultime de la justice et du travail acharné. elle croyait passionnément en l'éducation."
932,0,"la communication est une compétence que vous pouvez apprendre. c'est comme faire du vélo ou de la dactylographie. si vous êtes prêt à y travailler, vous pouvez rapidement améliorer la qualité d'une partie de votre vie."
933,0,je ne me vois pas aussi célèbre que je me vois comme une personne normale avec un travail qui n'est pas très normal. ma vie professionnelle est très dehors et très publique. mais je fais de mon mieux pour maintenir ma vie privée.
934,0,"la seule vie n'est supportable pour moi que par mon travail en science, mais pour le long terme, ce serait très mauvais si je devais faire sans une personne très jeune à côté de moi."
935,0,"je travaillais dans une école comme assistante d'enseignant, et ma mère est directrice dans une école primaire. je ne sais pas, je pense que c'est une belle vie, enseigner aux enfants."
936,0,"je veux travailler avec des enfants, j'adorerais être professeur."
937,0,"mes parents voulaient que je sois professeur, parce que je pouvais travailler la majeure partie de l'année et poursuivre les choses que j'aime faire pendant l'été."
938,0,j'essayais de canaliser mon énergie nerveuse de manière positive vers la force et l'endurance.
939,0,"parfois, je me réveille le matin et j'ai envie de retourner directement au lit. mais je dois quand même me lever et travailler, et je dois toujours profiter des chances que j'ai eues dans la vie."
940,0,"il s'agit vraiment de la famille, de l'amour et des enfants pour moi."
941,0,"le travail, c'est l'indépendance, ça m'a permis de façonner ma vie à tant de niveaux."
942,0,"je travaille dur, je gagne ma vie et j'adore ça. j'aime avoir une indépendance financière."
943,0,le fait est que je diète chaque jour de ma vie. je dois travailler dessus. mais je diète pour pouvoir sortir.
944,0,"j'ai trois enfants, trois petits-enfants, je travaille, je voyage, et je suis très heureux marié. je suis très satisfait et heureux de ma vie et il n'y a vraiment rien que je veux."
945,0,et j'ai beaucoup de chance d'avoir une fille dans ma vie que j'ai le privilège d'appeler ma femme
946,0,"seulement alors, à l'approche de mon quarantième anniversaire, j'ai fait de la philosophie le travail de ma vie."
947,0,dieu continue de faire des miracles dans ma vie.
948,0,"vous devez faire le travail dans votre mariage, mais il doit être posé sur une base solide d'amour."
949,0,"j'aime le travail, j'aime la vie, et je ne suis pas douée pour me détendre. je n'ai jamais beaucoup dormi en raison de cette imagination suractive et de mon cerveau constamment en pensant."
950,0,"je travaille très dur pour rester positif et heureux, mais je deviens triste et anxieux, comme tout le monde."
951,0,je suis si pathétiquement impatiente que les gens aiment d.c. c'est tellement triste. c'est comme si je travaillais pour la chambre de commerce ou quelque chose comme ça.
952,0,"c'est-à-dire, je suis optimiste que deux personnes puissent être ensemble pour régler leurs conflits. et cet engagement, je pense, pourrait être ce qu'est l'amour, parce qu'elles se développent toutes les deux de leur relation."
953,0,"le but du travail n'est pas de gagner de l'argent. le but du travail est de faire en sorte que les travailleurs, qu'ils travaillent les raideurs ou les cadres supérieurs, se sentent bien dans la vie."
954,0,le vrai succès est de vous trouver le travail de vie dans le travail que vous aimez.
955,0,"comme la plupart des gens, je peux être paresseux, donc c'est agréable d'avoir un but, une date limite ou une raison pour m'entraîner. je me sens mieux quand je fais de l'exercice, ou quand je suis à l'extérieur. j'aime faire de la randonnée, nager et courir, et j'aime jouer au soccer."
956,0,"je ne suis pas quelqu'un qui a mené ma vie en essayant d'obtenir de la publicité, je préfère faire mon travail et rentrer chez moi."
957,0,"j'aimerais garder le travail et la vie, ça veut dire que tu as ta vie à revenir, quelque part pour rentrer à la maison la nuit qui n'est pas envahie par ta journée."
958,0,"le travail sans amour, c'est l'esclavage."
959,0,parfait est l'ennemi du bien.
960,0,"pour obtenir des résultats positifs, elle doit travailler pour eux, et non pas espérer pour eux."
961,0,"si vous traversez l'enfer, continuez."
962,0,travaille dur en silence.
963,0,les temps changeront pour le mieux quand vous changerez.
964,0,"j'avais l'habitude de travailler au bureau du chômage, je le détestais, car quand ils m'ont viré, j'ai dû venir travailler de toute façon."
965,0,le travail commence quand la peur de ne rien faire du tout a finalement une influence sur la terreur de le faire mal.
966,0,"si vous croyez en vous-même et travaillez dur, vos rêves se réaliseront"
967,0,rien n'est vraiment travail à moins que vous préfériez faire autre chose.
968,0,"dans chaque mariage de plus d'une semaine, il y a des motifs de divorce. l'astuce est de trouver et de continuer à trouver des motifs de mariage."
969,0,la persévérance est le dur travail que vous faites après avoir été fatigué de faire le dur travail que vous avez déjà fait.
970,0,"tout ce que vous faites, basez-le sur ce qui est le plus important pour vous. ce n'est qu'alors qu'il aura de la profondeur et du sens, et ce n'est qu'alors qu'il résonnera avec les autres."
971,0,"si tu n'es pas d'humeur, tu ne peux pas faire ça correctement."
972,0,le dur labeur devrait être récompensé par de la bonne nourriture.
973,0,"si tu ne m'interfères pas, je ferai toujours quelque chose de très bien."
974,0,"mon sentiment sur le travail est que c'est un mal inutile, donc j'ai toujours fait de mon mieux pour l'éviter."
975,0,le meilleur patron est celui qui dirige le moins.
976,0,arrêtez de chercher la permission d'autres personnes pour faire ce que vous savez que vous êtes censé faire.
977,0,mais ce ne sont pas toujours les gens qui disent le plus qui font le plus.
978,0,"quoi que vous fassiez, mettez toute votre âme, votre esprit et votre force en elle."
979,0,"évidemment, le plus beau destin, la plus belle fortune qui puisse arriver à n'importe quel être humain, est d'être payé pour faire ce qu'il aime passionnément faire."
980,0,"ce n'est pas ce que vous faites, mais ce que vous semblez faire."
981,0,"distraction gaspille notre énergie, la concentration la restaure."
982,0,"si vous lancez une carrière faisant quelque chose que vous n'aimez pas vraiment, que même si vous réussissez, vous ne vous sentirez pas réussir, et vous serez méprisant de votre propre succès."
983,0,"ce n'est pas ce que vous faites, mais ce genre de travail que vous faites fait la différence."
984,0,nous avons besoin de plus de représentations des femmes comme des professionnels compétents et des mères heureuses - voire des professionnels heureux et des mères compétentes.
985,0,"pensez personnellement, agissez en commun."
986,0,"il a dit que quand vous voulez changer les choses, vous ne pouvez pas plaire à tout le monde. si vous faites plaisir à tout le monde, vous ne faites pas assez de progrès. mark avait raison."
987,0,êtes-vous prêt à travailler pour ce que vous voulez ?
988,0,vous pouvez créer votre travail idéal.
989,0,"ce n'est pas son travail, je pensais, c'est sa passion."
990,0,sois génial dans tout ce que tu fais.
991,0,les gens ne valent que ce que leurs responsabilités leur font
992,0,"quoi que vous fassiez, assurez-vous de bien le faire."
993,0,"la concurrence ne consiste pas à se battre, mais à s'entraider pour atteindre un objectif commun."
994,0,le genre d'emplois qu'un jeune de 15 ans et demi peut obtenir ne vaut pas la peine d'être fait.
995,0,"la vie ne vous donnera pas ce que vous voulez, elle vous donnera ce pour quoi vous travaillez."
996,0,les choses qui me rendent le plus heureux sont ma famille et le travail.
997,0,"je suis plongé dans l'architecture toute la journée, travaillant dans mon bureau ou l'enseignement."
998,0,"le parti des femmes est composé de femmes de toutes races, croyances et nationalités qui sont unies dans le seul programme de travail pour améliorer la condition de la femme."
999,0,"d'après mon expérience, être occupé et travailler dur est la clé de la santé mentale et du bonheur."
1000,0,"je suis comparée à mon père tout le temps, et j'ai appris à le prendre positivement en travaillant dur."
1001,0,"ce que vous faites, c'est ce qui compte, pas ce que vous pensez ou dites ou planifiez."
1002,0,j'adore les délais. j'adore le bruit dégueulasse qu'ils font quand ils passent.
1003,0,"je n'aime pas vraiment le café, dit-elle, mais je n'aime pas vraiment quand ma tête frappe mon bureau quand je m'endors non plus."
1004,1,"quand vous voyez ce que certaines filles se marient, vous réalisez qu'elles doivent détester travailler pour gagner leur vie."
1005,0,"vous ennuyez-vous avec la vie ? alors jetez-vous dans une œuvre en laquelle vous croyez de tout votre cœur, vivez pour elle, mourrez pour elle, et vous trouverez le bonheur que vous avez pensé ne pourrait jamais être à vous."
1006,0,continuez à vous émerveiller.
1007,0,"je veux le faire parce que je veux le faire. les femmes doivent essayer de faire les choses comme les hommes ont essayé. lorsqu'elles échouent, leur échec ne doit être qu'un défi pour les autres."
1008,0,"les ressources ne durent pas pour toujours, soit elles doivent être utilisées, managées, soit elles seront déchetées."
1009,0,"tout ce que tu veux, travaille pour ça."
1010,0,les gens qui créent leurs propres possibilités sont plus prospères que ceux qui s'attendent à ce que des possibilités leur soient offertes.
1011,0,"si cela doit être fait, vous devez le faire vous-même."
1012,1,"les hommes sont autorisés à avoir de la passion et de l'engagement pour leur travail ... une femme est permise ce sentiment pour un homme, mais pas son travail."
1013,0,"si vous faites tout avec amour et joie, vous trouverez votre âme."
1014,0,"si les gens savaient à quel point je devais travailler pour acquérir ma maîtrise, cela n'aurait pas l'air si merveilleux du tout."
1015,0,"plus vous pouvez être vous-même, plus vous participez pleinement et consciemment au monde."
1016,0,"pour l'instant, faites juste bien votre travail."
1017,0,soyez assez robuste pour travailler plus qu'un robot !
1018,0,"laissez votre corps travailler jusqu'à ce qu'il soit dépensé, mais gardez votre esprit pour vous."
1019,0,nous sommes juste des paysans avec de l'argent.
1020,0,"vous pouvez voler le travail de quelqu'un, mais vous ne pouvez pas voler l'expérience qu'il a acquise de ce travail."
1021,0,"une des choses vraiment difficiles est de trouver quelles questions poser. une fois que vous avez trouvé la question, alors la réponse est relativement facile."
1022,0,"je ne sais pas comment le faire aujourd'hui, mais je saurai comment le faire demain et le faire."
1023,0,"le plaisir et les affaires, contrairement au pétrole et à l'eau, peuvent parfois être mélangés."
1024,0,"si vous voulez que les choses changent, vous devez changer. si vous voulez que les choses s'améliorent, vous devez vous améliorer."
1025,0,vous avez le temps de faire ce qui doit être fait.
1026,0,la qualité du travail est directement liée à la qualité du caractère d'une personne.
1027,0,prenez le temps d'être immobile.
1028,0,"s'il faut le faire, il faut le faire au mieux."
1029,0,"tant qu'il y a des façons de servir, alors nous avons un travail à faire."
1030,0,"je ne voulais pas abandonner mon travail et rejoindre les rangs de la brigade doing fuck all, peu importe combien d'argent j'avais à la banque."
1031,0,"tu n'es qu'une bonne idée, et si tu ne peux pas être d'accord, alors il est temps de marcher."
1032,0,"quand tu ne peux pas, fais semblant."
1033,0,j'adore ce que tu fais !
1034,0,"si vous n'avez pas de travail, vous avez besoin d'aide."
1035,0,c'est absurde d'être contrarié par un manque de résultats quand la cause est un manque d'activité.
1036,0,ce n'est pas la peine d'aller plus loin si les gens ne s'y attendent pas. vous n'aurez jamais de crédit supplémentaire pour elle.
1037,0,une façon sûre de démarrer votre propre entreprise est de rester hors de tout le monde.
1038,0,tu as ce pour quoi tu travailles.
1039,0,"être entouré de gens qui réussissent, ça ne veut pas dire que tu l'as fait."
1040,0,"la vitesse de la vie moderne est une chose oppressive, et le monde des entreprises est prompt à punir ceux qui ont un cœur honnête."
1041,0,"je n'ai ni bébé ni ambition, j'ai tout !"
1042,0,"il ne s'agit pas de savoir combien d'activités nous sommes capables de faire, mais comment nous effectuons l'activité qui fait la différence."
1043,0,"n'écoutez pas un homme qui dit qu'on doit travailler ensemble en équipe, il veut dire qu'on doit travailler comme il dit."
1044,0,mais je n'ai aucun souci pour les affaires et je pensais rester éveillé pour être assez d'une réalisation.
1045,0,"il est facile de blesser les gens quand nous ne filtreons pas nos pensées, quand nous ne choisissons pas nos mots, quand nous ne contrôlons pas le ton de la voix et le langage du corps."
1046,0,"faites tout le travail que vous pouvez, tant que vous le pouvez."
1047,0,le travail que vous avez été appelé à faire est très important et précieux
1048,1,"elle ne travaille pas assez ici, probablement parce que c'est une femme."
1049,1,"il n'y a pas de femmes laides, seulement paresseuses"
1050,0,"si vous travaillez toute la journée, quand pouvez-vous vous connecter à votre âme ?"
1051,0,"au lieu de penser que vous avez toujours besoin de faire des choses plus grandes, apprenez à faire les petites choses de meilleures façons."
1052,0,"sans force, pouvons-nous travailler pour créer de la richesse?"
1053,0,"avec ou sans paiement, le travail sera fait."
1054,0,nous travaillons dans le meilleur de nos capacités.
1055,0,"après tout, la meilleure partie d'une fête n'est peut-être pas tant de se reposer, que de voir tous les autres êtres occupés à travailler."
1056,0,fais ce que tu veux que ça marche.
1057,0,je viens de réaliser que le sommeil est parfois le seul salaire précieux pour l'homme qui travaille dur.
1058,0,"si deux hommes sur le même travail d'accord tout le temps, alors un est inutile. s'ils ne sont pas d'accord tout le temps, les deux sont inutiles."
1059,0,"j'ai été entraîné à une cinquième vitesse, et tout ce que j'ai fait, j'ai fait à une date limite."
1060,0,travaille tant que tu as de la force.
1061,0,"si tu es paresseux, tu deviendras bientôt pauvre."
1062,0,mon esprit ressemble à une ruche sans bourdonnement.
1063,0,"lorsque vous gagnez le maximum de connaissances dans n'importe quel domaine de travail et que vous le mettez en pratique, aucun pouvoir ne pourra vous empêcher d'atteindre vos objectifs fixés."
1064,0,j'ai découvert que je suis plus à l'aise en dehors de ma zone de confort.
1065,0,je ne pourrais pas vivre avec moi-même si je pensais que rien ne pouvait aller mieux.
1066,0,la plupart des réunions d'affaires impliquent qu'une partie supprime de manière détaillée le désir de crier à l'autre: «donnez-nous juste l'argent».
1067,0,il est triste de voir les gens faire des choses sans y mettre leur âme et leur cœur.
1068,0,ceux qui se sentent satisfaits de leur vie personnelle sont plus satisfaits de leur carrière et obtiennent de meilleurs résultats.
1069,0,"quand il a étudié, ce n'était pas tant pour une promotion que pour excel à son travail."
1070,0,"en se concentrant sur sa carrière et en adoptant une approche calculée de l'accumulation du pouvoir, heidi a violé nos attentes stéréotypées des femmes."
1071,0,laissez la beauté de tout ce que nous aimons se refléter dans qui nous sommes et dans nos actions.
1072,0,"pour être grand à tout ce que vous faites, vous devez l'aimer! mais aussi lui donner votre tout.."
1073,0,commencez le travail !
1074,0,le seul travail pour le succès est le travail acharné.
1075,0,je servirai avec toute ma force.
1076,0,explorez les possibilités infinies de la vie.
1077,0,"quand nous produisons à notre plus haut niveau de potentiel, nous sommes contents. parce que nous avons donné de moi le meilleur dans ce que nous aimons faire."
1078,0,"je vous ai donné mon temps, tout ce que j'ai à donner, tout ce que n'importe quel homme a, et pour un pitoyable dollar et un quart d'heure."
1079,0,"c'est bien de dire à un gars de se soulever par ses propres pièges, mais c'est cruel de dire à un gars sans bottes qu'il devrait se soulever par ses propres pièges."
1080,0,"parfois, nous devons juste le sucer et faire ce que nous devons faire, jusqu'à ce que nous soyons en mesure de faire ce que nous voulons faire."
1081,0,"la prochaine fois, pouvez-vous lui demander d'apporter des cookies ? je n'aime pas supporter ce niveau de folie à moins qu'il y ait une sorte de compensation de haute calories."
1082,0,mieux vaut être connu pour quelque chose que d'être oublié pour rien.
1083,0,"ce n'est pas de la charge de travail qui te tue, c'est de l'inquiétude qui te tue."
1084,0,faites ce que vous pouvez tant que vous le pouvez.
1085,0,"construire quelque chose qui compte, c'est un marathon, pas un sprint."
1086,0,"une entreprise est comme une automobile. ses gens ses roues, leur passion son carburant."
1087,0,"si vous ne visez pas la perfection, vous n'essayez pas assez fort."
1088,0,ma mère et mon père avaient travaillé très dur pour m'offrir une éducation.
1089,0,"vous devez trouver votre cadeau, quelque chose que vous faites mieux que d'autres"
1090,0,"le point n'est pas d'être le meilleur, mais d'être le meilleur que vous pouvez être."
1091,0,je travaille pour ce que je veux.
1092,0,"si vous voulez quelque chose de nouveau, vous devez arrêter de faire quelque chose de vieux"
1093,0,"j'ai obtenu un diplôme de mater en journalisme et j'ai pris le premier emploi offert, en tant qu'écrivain sportif. au lieu de poursuivre ma propre renommée, j'ai écrit sur les athlètes célèbres à la poursuite de la leur."
1094,0,"si vous trouvez difficile de vous entendre avec votre patron, essayez de raisonner avec lui et de parler à travers vos différences. si cela ne fonctionne pas, conduisez-le au suicide et prendre le contrôle de l'entreprise."
1095,0,"ce n'est pas tout ce que tu es bon, c'est ce que tu es appelé à faire."
1096,0,"mes deux jours les plus improductifs de la semaine ont toujours été hier et demain. en gardant cela à l'esprit, j'essaie de concentrer la majorité de mon attention sur aujourd'hui."
1097,0,"laissez votre passion servir de source d'énergie pour vous maintenir en vie. je peux attester que vous serez plus heureux, plus sain et plus réussi."
1098,0,"avec ou sans argent, le travail doit être fait."
1099,0,vous pensiez pouvoir chier et manger en même temps.
1100,0,tout le monde doit commencer quelque part. vous avez tout votre avenir devant vous. la perfection n'arrive pas tout de suite.
1101,0,"qui a dit à ces gens avec des rêves, des objectifs et des ambitions qu'ils pourraient prendre congé?"
1102,0,"le président remarque que lorsqu'il enlève son manteau pour creuser, les gens prennent plus conscience du visuel qu'ils n'ont fait ses remarques précédentes."
1103,0,cent échecs signifie mille succès
1104,0,"travailler comme si tu n'avais pas besoin d'argent, danser comme si personne ne regardait, et aimer comme si tu n'avais jamais été blessé."
1105,0,je décide de faire de mon mieux en tout.
1106,0,je ne dors jamais bien quand je suis de garde.
1107,0,"nous ne pouvons voir qu'une courte distance à l'avance, mais nous pouvons en voir beaucoup là-bas qui doit être fait."
1108,0,"nous faisons beaucoup de choses avec insouciance ou contre notre gré, mais rien de studieuse à moins d'être disposés et d'appliquer nous-mêmes."
1109,0,votre don n'est pas ce que vous faites mais ce que vous êtes
1110,0,les états-unis ont une longue histoire de radiations nocives pour la santé des travailleurs.
1111,0,lorsqu'on leur donne l'occasion de faire preuve d'excellence et de ne jamais cesser de fumer.
1112,0,"je suis chirurgien cardiaque, mais je ne suis qu'un mécanicien."
1113,0,il n'y a pas de compétition dans le travail. beaucoup d'un homme veut la gloire mais ne travaille pas.
1114,0,la culture américaine en général a échoué aux mères qui travaillent.
1115,0,"les hommes peu profonds croient en la chance, les hommes forts croient en la cause et l'effet."
1116,1,un vagin est un diplôme de femme sans instruction.
1117,0,les dirigeants qui réussissent savent comment soutenir leurs initiatives et créer un environnement propice au changement et à l'innovation.
1118,0,"si votre idée ne peut pas changer l'industrie, vous n'avez pas ajouté de valeur"
1119,0,je suis amoureux de ce que je fais. je le fais avec une grande passion.
1120,0,"ne travaillez que ce qui compte, et vous finirez par plaire à ceux qui sont assez importants pour s'en soucier."
1121,0,personne ne réalisera quoi que ce soit en rêvant.
1122,0,"ne jamais travailler! faites tout pour s'amuser. rappelez-vous, la vie est pour la joie!"
1123,0,"ce n'est pas combien vous êtes payé qui compte, mais combien vous obtenez fait qui est le plus important."
1124,0,"quand j'aurai complètement exécuté cette phase de ma vie, alors je pourrai commencer un nouveau chapitre."
1125,0,"il ya beaucoup de chances dans la vie, ce qui est important est ce que vous faites d'eux."
1126,0,je souhaite être un produit pas un consommateur.
1127,0,utilisez vos compétences spéciales pour commencer votre propre travail.
1128,0,vivez la vie avec une grande humilité.
1129,0,"plus le combat est dur, plus la victoire est grande."
1130,0,"faites le bon travail, avec les ressources que vous avez."
1131,0,la communication peut être envoyée ou reçue par des signaux verbaux ou non verbaux.
1132,0,les opportunités sont comme les chouettes de nuit. ils aiment strier nu et hurler à la lune. beaucoup de succès dans la vie vient à la chance. alors mettez-vous dans une position pour obtenir de la chance. parce que vous savez ce qui se passe si vous ne sortez pas? rien.
1133,0,il ne s'agit pas seulement de faire ce que vous aimez pour vivre. il s'agit de faire ce que vous aimez avec l'amour.
1134,0,"un génie fait ce qu'il maîtrise, un homme ordinaire essaie de maîtriser ce qu'il fait."
1135,0,"si vous voulez connaître les vraies raisons qui sous-tendent cette attitude, pensez à la pensée qui sous-tend cette attitude."
1136,0,l'interrogation est importante pour l'innovation révolutionnaire que dans les futures entreprises auront un poste de niveau cxo qui mène toutes les innovations intéressantes - cqo chief questioning officer.
